,city,keyword,urls
0,Cancun,dish,https://www.villapalmarcancun.com/blog/wp-content/uploads/2016/03/Typical-Dishes-from-the-Yucatan.jpg https://www.villapalmarcancun.com/blog/wp-content/uploads/2016/03/lime-soup.jpg
1,Amman,dish,https://isastudentblog.files.wordpress.com/2016/12/knafeh_amman_jordan_dakotahmanson_photo1.jpg https://migrationology.com/wp-content/uploads/2016/04/mansaf-jordanian-food.jpg https://media-cdn.tripadvisor.com/media/photo-s/0e/c8/96/d2/trader-vic-s-signature.jpg https://migrationology.com/wp-content/uploads/2016/04/jordanian-food-maqluba.jpg
2,Ho Chi Minh City,dish,https://thecitylane.com/wp-content/uploads/2013/06/SCF0222.jpg https://media-cdn.tripadvisor.com/media/photo-s/12/d3/74/af/new-late-breakfast-dish.jpg https://sethlui.com/wp-content/uploads/2017/06/What-to-eat-in-Ho-chi-minh-city-9.jpg
3,Hong Kong,dish,https://photos.smugmug.com/Hong-Kong/i-9MxSL5D/0/X3/hong-kong-travel-guide-food-178-X3.jpg https://cdn1.i-scmp.com/sites/default/files/styles/1200x800/public/images/methode/2019/01/28/33afb206-1dfc-11e9-9b66-f8d7b487d426_image_hires_103154.jpg?itok=OA39o4UP&v=1548642723 https://photos.smugmug.com/Hong-Kong/i-GH3pLhk/0/X3/hong-kong-travel-guide-food-68-X3.jpg https://img.theculturetrip.com/768x432/wp-content/uploads/2017/03/6553327777_c4e15c9898_b.jpg
4,Zhuhai,dish,https://macaulifestyle.com/wp-content/uploads/2017/11/chinesebreakfast9-1024x766.jpg http://travelshus.com/wp-content/uploads/2012/04/ham-sandwiches-in-zhuhai-china.jpg http://internchina.com/wp-content/uploads/InternChina-Life-in-Zhuhai.jpg https://media-cdn.tripadvisor.com/media/photo-s/03/7b/bc/cc/zhuhai-charming-holiday.jpg
5,Phuket,dish,https://media.fclmedia.com/global-images/fc/destinations/phuket/top-10s/phuket-top-10-traditional_phuket_dishes.jpg http://static.asiawebdirect.com/m/phuket/portals/phuket-com/homepage/cuisine/toptenfood/pagePropertiesImage/top10-thai-food.jpg.jpg http://i.cdn.travel.cnn.com/sites/default/files/styles/inline_image_624x416/public/2012/06/20/gengsom2jpg-2128193_web_jpg_src.jpg?itok=ne97OzyK
6,Kuala Lumpur,dish,"http://static.asiawebdirect.com/m/kl/portals/kuala-lumpur-ws/homepage/magazine/great-dishes/pagePropertiesImage/kl-local-food.jpg https://dynaimage.cdn.cnn.com/cnn/q_auto,w_412,c_fill,g_auto,h_232,ar_16:9/http%3A%2F%2Fcdn.cnn.com%2Fcnnnext%2Fdam%2Fassets%2F160919124520-curry-laksa-at-restoran-kam-fatt.jpg https://blog.tourism.gov.my/wp-content/uploads/2016/03/2.jpg"
7,Phnom Penh,dish,http://www.followmefoodie.com/wp-content/uploads/2012/01/Phnom-Penh-12.jpg http://www.followmefoodie.com/wp-content/uploads/2012/01/Phnom-Penh-2.jpg https://upload.wikimedia.org/wikipedia/commons/thumb/5/5c/2016_Phnom_Penh%2C_Amok_trey_%2801%29.jpg/1200px-2016_Phnom_Penh%2C_Amok_trey_%2801%29.jpg
8,Jaipur,dish,https://www.crazymasalafood.com/wp-content/images/Must-Eat-Jaipur.jpg https://thewanderlustkitchen.com/wp-content/uploads/2017/02/jaipur-vegetable-copycat-6.jpg https://www.visittnt.com/blog/wp-content/uploads/2016/08/Dal-baati-choorma.jpg
9,Mumbai,dish,"https://i.ndtvimg.com/i/2016-06/misalpav_625x350_61465888599.jpg https://www.ndtv.com/cooks/images/vada%20pav-650.jpg https://cdn.cnn.com/cnnnext/dam/assets/170203171828-40-mumbai-foods-dhoklas-full-169.jpg https://img.traveltriangle.com/blog/wp-content/tr:w-700,h-400/uploads/2015/10/vada-pav.jpg"
10,Shenzhen,dish,https://www.travelchinaguide.com/images/photogallery/2017/shenzhen-food.jpg https://i0.wp.com/www.cravingsustenance.com/wp-content/uploads/2018/06/IMG_20180605_193118_Bokeh.jpg?fit=4608%2C3456 https://media-cdn.tripadvisor.com/media/photo-s/0f/6f/b6/96/dish-at-shang-palace.jpg https://www.discoverchinatours.com/fileupload/destinations/Morning%20Tea%20in%20Shenzhen.jpg
11,Washington Dc,dish,https://i.ebayimg.com/images/g/NHYAAOSwEzxYPIhx/s-l300.jpg https://cdn.vox-cdn.com/uploads/chorus_image/image/62453858/jumboslice.0.0.0.jpg https://cdn.shopify.com/s/files/1/0064/6463/4935/products/washington-dc-dish-towel-dish-towel-catstudio-229798_1024x1024@2x.jpg?v=1566943059
12,Madison Wi,dish,https://badgerherald.com/wordpress/wp-content/uploads/2019/01/Giordanos_stuffed_pizza.jpg https://s3-media1.fl.yelpcdn.com/bphoto/6LvYWQo2US13-fAmiMltIw/ls.jpg https://bloximages.chicago2.vip.townnews.com/madison.com/content/tncms/assets/v3/editorial/e/a5/ea5a0489-fa09-5490-b03f-4557383ed2fe/54aa8fc3d9f79.image.jpg
13,Boston Ma,dish,https://media-cdn.tripadvisor.com/media/photo-s/04/30/66/03/add-a-caption.jpg https://i.etsystatic.com/6192788/r/il/d6b8be/1629521538/il_794xN.1629521538_ejhc.jpg https://media-cdn.tripadvisor.com/media/photo-s/08/5b/f4/89/freeport-tavern.jpg
14,Dubai,dish,https://assets.traveltriangle.com/blog/wp-content/uploads/2015/09/Lahem-Bl-Ajin.jpg http://diningoutwp.funjuczse.maxcdn-edge.com/dubai/wp-content/uploads/sites/28/2016/10/Machbous-at-Barjeel.jpg http://www.destinationsbeyondindia.com/dubai/images/cuisions-of-dubai.jpg
15,Singapore,dish,https://a.cdn-hotels.com/gdcs/production192/d26/b7769e7d-7194-4777-807f-b78299d1e600.jpg https://sethlui.com/wp-content/uploads/2013/10/singapore-food-05058016.jpg https://www.seriouseats.com/images/2012/07/20120730-singapore-char-kueh-teow.jpg http://foodyoushouldtry.com/wp-content/uploads/2017/02/Laksa-1-1024x635.jpg
16,Glasgow,dish,http://www.wow247.co.uk/wp-content/uploads/2016/03/Munchy-box-620x413.jpg https://foodscene.deliveroo.co.uk/assets/images/blogs/foodscene.deliveroo.co.uk/en/cuisine-inspiration/1QCbgbzOMrYa_rfxJesLzBAQseeiMNokqfpOsndHwDwo/h_12._sides_glasgow_article.jpg?v=1.01 https://media-cdn.tripadvisor.com/media/photo-s/0b/c4/74/30/idli-dish.jpg https://media.timeout.com/images/73754/630/472/image.jpg
17,Edinburgh,dish,https://i2.wp.com/worldoffoodanddrink.worldtravelguide.net/wp-content/uploads/2018/07/shu-Edinburgh-food-and-drink-Haggis-611174330-stockcreations-1440x823.jpg?fit=1440%2C823&ssl=1 https://i.ytimg.com/vi/3G7Aswe1sjs/maxresdefault.jpg
18,Leuven,dish,https://media-cdn.tripadvisor.com/media/photo-s/13/81/42/c2/ginger-dressing.jpg https://www.rm-auctions.com/attachment-cache/width/1000/2018/06/20/c4b6f1a/a-chinese-famille-verte-provinces-dish-with-the-arms-of-leuven-kangxiyongzheng-1.jpg https://media-cdn.tripadvisor.com/media/photo-s/0f/e9/a9/ff/nice-salmon-but-the-side.jpg
19,Berlin,dish,https://www.thelocal.de/userdata/images/article/ef2e593f59fd90117afdc0aac4bfca554e821f4002255e58b05e592f8bbfd258.jpg https://www.edreams.com/blog/wp-content/uploads/sites/3/2016/07/Currywurst-dish-berlin-germany.jpg http://d279m997dpfwgl.cloudfront.net/wp/2018/01/0116_currywurst-1000x640.jpg https://www.edreams.com/blog/wp-content/uploads/sites/3/2016/07/Apfelstrudel-dish-berlin-germany.jpg
20,Brussels,dish,https://www.kitchenkonfidence.com/wp-content/uploads/2010/12/goldenbrusselssprouts1.jpg https://ww2.kqed.org/wp-content/uploads/sites/24/2015/11/brusselsprouts-finish-overhead1.jpg http://images.media-allrecipes.com/userphotos/960x960/3863934.jpg
21,Gdansk,dish,https://www.routesandtrips.com/wp-content/uploads/2015/04/main-dish-of-bread-restaurant-velevetka-gdansk.jpg https://www.amjourneys.com/wp-content/uploads/2017/09/Polish-Food-Tour-in-Warsaw-Duck-Specialty.jpg https://media-cdn.tripadvisor.com/media/photo-s/12/cc/2a/41/traditional-polish-dish.jpg
22,Quito,dish,https://media-cdn.tripadvisor.com/media/photo-s/16/97/50/89/some-dish.jpg https://www.fodors.com/wp-content/uploads/2018/02/Quito-Cheesy-Dishes-Hero.jpg https://media-cdn.tripadvisor.com/media/photo-s/13/75/6b/34/french-toast-dish.jpg https://www.laylita.com/travel/wp-content/uploads/2014/02/Seco-de-chivo-dish-in-Quito.jpg
23,Cuenca,dish,https://img.theculturetrip.com/768x432/wp-content/uploads/2017/08/shutterstock_410758582.jpg https://media-cdn.tripadvisor.com/media/photo-s/06/a2/82/31/their-mix-dish.jpg https://media-cdn.tripadvisor.com/media/photo-s/12/f5/17/41/fantastic-chicken-dish.jpg
24,Guayaquil,dish,https://www.discoverymundo.com/blog/wp-content/uploads/2015/06/maxsouffriaucom-necatpaceorg-20131211-fotos-para-el-cafe-de-tere-bolon-003-1.jpg https://www.discoverymundo.com/blog/wp-content/uploads/2015/06/arroz-con-menestra-3.jpg https://media-cdn.tripadvisor.com/media/photo-s/0a/07/73/df/lo-nuestro-cafe-restaurant.jpg
25,Pasto,dish,https://media-cdn.tripadvisor.com/media/photo-s/0c/61/ff/b3/the-anti-pasto-dish.jpg https://ugc.zenchef.com/3/4/7/2/2/9/1/5/0/0/6/6/3/1516962294_322/6ccbb44378f6a47b55b0dab439d71af7.website.jpg https://media-cdn.tripadvisor.com/media/photo-s/0f/ab/81/bf/rice-with-cod-dish.jpg https://i.pinimg.com/originals/05/3d/e7/053de78e9458ad3bcd7b13fdf89bca2c.jpg
26,Cali,dish,https://upload.wikimedia.org/wikipedia/commons/thumb/f/fd/Flickr_dongkwan_540812245--Shrimp_Tostada.jpg/1200px-Flickr_dongkwan_540812245--Shrimp_Tostada.jpg https://imagenescityexpress.scdn6.secure.raxcdn.com/sites/default/files/2019-08/valley-of-cauca-cuisine.jpg https://upload.wikimedia.org/wikipedia/commons/thumb/f/fd/Flickr_dongkwan_540812245--Shrimp_Tostada.jpg/300px-Flickr_dongkwan_540812245--Shrimp_Tostada.jpg https://www.phnompenhpost.com/sites/default/files/styles/full-screen_watermarked/public/field/image/duck_1.jpg?itok=50WYvwP_
27,Medellin,dish,https://media-cdn.tripadvisor.com/media/photo-s/12/12/dd/1c/pizza-chicago-s.jpg
28,Santa Marta,dish,https://media-cdn.tripadvisor.com/media/photo-s/0e/f5/76/f9/arepa-steak-dish-can.jpg https://www.masaya-experience.com/wp-content/uploads/2019/02/EatSMR2.jpg https://vivaair.cdn.prismic.io/vivaair/201203dae8dbbcf6fce6fc9fe4475b4ccf952b50_6196218770_0d71c3e596_o.jpg https://media-cdn.tripadvisor.com/media/photo-s/07/fa/e8/59/ristorante-santa-marta.jpg
29,Barranquilla,dish,https://img.theculturetrip.com/768x432/wp-content/uploads/2018/05/36254257552_e5439f6906_k.jpg https://i.pinimg.com/originals/47/11/b4/4711b472c15cdb3218cf23cc3a3e3951.jpg http://barranquilla2018.com/wp/wp-content/uploads/2017/06/comida-tipica.jpg http://turismo.carnavaldebarranquilla.org/images/comidas/mojarrafrita.jpg
30,Cartagena,dish,https://www.cartagenaexplorer.com/wp-content/uploads/2019/01/IMG_1189-1024x768.jpg https://mobile.eatyourworld.com/images/staff_food_entries/arroz-con-coco.jpg https://www.cartagenaexplorer.com/wp-content/uploads/2019/01/IMG-20190120-WA0000-768x1024.jpg https://cdn-image.foodandwine.com/sites/default/files/original-201305-HD-cartagena-pescado-rojo.jpg
31,Bogota,dish,https://media-cdn.tripadvisor.com/media/photo-s/06/3c/45/0d/stromboli.jpg https://i1.wp.com/roadsandkingdoms.com/uploads/2018/03/Aji%CC%81aco-at-La-Puerta-de-la-Tradicio%CC%81n-2D0A1204.jpg?ssl=1&w=1300&quality=95&strip=color
32,Copenhagen,dish,https://si.wsj.net/public/resources/images/OB-OF280_mag711_G_20110607141806.jpg https://media-cdn.urbanadventures.com/blog/wp-content/uploads/2019/01/Copenhagen-national-dish-808x454.jpg http://www.scandinaviastandard.com/wp-content/uploads/2019/02/Where-to-Get-The-Best-Pok%C3%A9-Bowl-in-Copenhagen-Douglas-Whitbread-Scandinavia-Standard-2-624x390.jpg https://cdn.theculturetrip.com/wp-content/uploads/2017/03/18675680994_0997ff9209_k.jpg
33,Ghent,dish,https://www.kevinandamanda.com/wp-content/uploads/2017/07/ghent-belgium-beautiful-undiscovered-european-cities-worth-visiting-22.jpg https://static1.squarespace.com/static/599467c659cc688311918198/5a00cc519140b785dda4a457/5a531284f9619a83b999a56a/1518440487700/ghent_soapdish.jpg?format=500w https://www.visitflanders.com/en/binaries/gentse_waterzooi_tcm13-7211.jpg
34,Poznan,dish,https://media-cdn.tripadvisor.com/media/photo-s/08/7d/26/11/ratuszova-restaurant.jpg https://cityevent-poznan.pl/wp-content/uploads/2018/01/Foodie-Tour-Pozna%C5%84-beer.jpg
35,Tulum,dish,"http://newdenizen.com/wp-content/uploads/2016/09/villa-pescardores-huevos-rancheros-banana-bread.jpg https://media.cntraveler.com/photos/58ee4ef48073632dc576c64a/4:3/w_480,c_limit/arca-tulum-cr-courtesy.jpg https://media-cdn.tripadvisor.com/media/photo-s/06/7b/d4/14/bordeaux-shrimp-dish.jpg https://cdn.vox-cdn.com/thumbor/WQTgduCuEv6S6m4-Me-CRxbjP2U=/0x0:960x540/1200x900/filters:focal(404x194:556x346):no_upscale()/cdn.vox-cdn.com/uploads/chorus_image/image/62579478/chamicos-tulum.0.0.0.jpg"
36,Warsaw,dish,https://media-cdn.tripadvisor.com/media/photo-s/0d/3e/c0/ad/deep-dish-pizza-w-warszawie.jpg https://i.pinimg.com/originals/2a/94/c0/2a94c0b15388c2f05ec6720c15169214.jpg https://media-cdn.tripadvisor.com/media/photo-s/11/08/0b/60/main-dish.jpg
37,Barcelona,dish,https://www.bonappetour.com/blog/wp-content/uploads/2016/12/what-to-eat-in-barcelona-compressor-1030x610.jpg http://www.renttopapartments.com/blog/wp-content/uploads/2015/07/Paella_Pollo_Rico-700x471.jpg https://www.bonappetour.com/blog/wp-content/uploads/2016/11/Paella-at-Teresas-in-Barcelona-by-Ben-Holbrook.jpg https://www.excursionsbarcelona.com/wp-content/uploads/2017/04/Barcelona-food-1-1024x744.jpg
38,Ko Tao,dish,https://media-cdn.tripadvisor.com/media/photo-s/12/20/b6/c1/our-famous-seafood-platter.jpg https://media-cdn.tripadvisor.com/media/photo-s/17/22/da/a5/fish-dish.jpg
39,Ko Pha Ngan,dish,https://mostlyamelie.com/wp-content/uploads/2015/10/eat-co-bruncherie.jpg https://thetastyk.com/wp-content/uploads/2018/02/DSC07857Edit1.jpg https://media-cdn.tripadvisor.com/media/photo-s/11/65/78/b6/fresh-crab.jpg
40,Hoi An,dish,http://hoianfoodtour.com/wp-content/uploads/2013/08/cao-lau2.jpg http://baoquangnam.vn/dataimages/201408//original/images1039346_Cao_lau_hoi_an_1.jpg http://hoianfoodtour.com/wp-content/uploads/2013/08/8731413806_27422c2aa1_z.jpg
41,Chiang Mai,dish,https://media.cntraveler.com/photos/59122ae55f323f5bc7f09896/master/pass/Khao-Soy-GettyImages-456774281.jpg http://static.asiawebdirect.com/m/bangkok/portals/chiangmai-bangkok-com/homepage/best-food/pagePropertiesImage/best-food-in-chiang-mai.jpg.jpg https://media-cdn.tripadvisor.com/media/photo-s/06/d3/59/ca/angel-s-secrets.jpg
42,Ko Lanta,dish,https://media-cdn.tripadvisor.com/media/photo-s/15/62/9b/bd/thai-dish.jpg https://photos.smugmug.com/FoodandRestaurantsonKohLanta/Cheap-Food-On-Koh-Lanta/i-dJVpXSV/0/690x690/IMG1909-M.jpg https://media-cdn.tripadvisor.com/media/photo-s/13/fb/80/bc/seafood-dish.jpg
43,Bangkok,dish,https://lonelyplanetwp.imgix.net/2014/12/Pat-Tai-c299acfcacfd-e1527178377999.jpg?fit=min&q=40&sharp=10&vib=20&w=1470 http://i.cdn.travel.cnn.com/sites/default/files/styles/inline_image_400x267/public/2010/10/06/DSC_9467.jpg?itok=KwCm7iei http://static.asiawebdirect.com/m/bangkok/portals/bangkok-com/homepage/food-top10/pagePropertiesImage/thai-som-tum.jpg.jpg https://i.ytimg.com/vi/cNDSX8RPw4w/maxresdefault.jpg
44,Ubud Bali,dish,https://s20642.pcdn.co/wp-content/uploads/2016/07/Alaya-Food-Selection.jpg https://dwgfmnrdprofc.cloudfront.net/wp-content/uploads/2017/06/ubud-vegan-4.jpg https://s20642.pcdn.co/wp-content/uploads/2016/07/Alaya-Resort-First-4.jpg https://i2.wp.com/www.midnightblueelephant.com/wp-content/uploads/2017/09/Bali-2019-34-copy.jpg?resize=1080%2C720&ssl=1
45,Lisbon,dish,https://theculturetrip.com/wp-content/uploads/2017/04/bacalao_a_braz.jpg https://img.theculturetrip.com/768x432/wp-content/uploads/2017/04/33228722492_27428c3065_k.jpg https://www.baconismagic.ca/wp-content/uploads/2019/01/lisbon-food-arroz-con-marisco.jpg https://devourlisbonfoodtours.com/wp-content/uploads/petiscos-1170x550.jpg
46,Dublin,dish,https://s3-eu-west-1.amazonaws.com/pplus.images.lovindublin.com/uploads/images/uploads/2016/07/pjimage-55.jpg http://www.donalskehan.com/wp-content/uploads/FEAST-Dublin-Lawyer.jpg https://upload.wikimedia.org/wikipedia/commons/thumb/1/1a/Coddle.jpg/1200px-Coddle.jpg https://static1.bigstockphoto.com/5/7/2/large1500/275236090.jpg
47,Manchester,dish,http://www.wow247.co.uk/wp-content/uploads/2015/04/Manchester-Egg-FB.jpg http://d2joqs9jfh6k92.cloudfront.net/wp-content/uploads/2017/07/15183431/manchester-kebab-refuge.jpg https://media-cdn.tripadvisor.com/media/photo-s/01/f0/f7/a6/incredibly-bland-and.jpg https://www.visitmanchester.com/dbimgs/Local%20Delicacies.jpg
48,Sydney,dish,https://cdn.images.express.co.uk/img/dynamic/25/590x/secondary/Sydney-Opera-House-dish-rack-photoshop-imgur-708607.jpg http://thumbpress.com/wp-content/uploads/2016/11/funny-Sydney-dish-clean.jpg https://i.dailymail.co.uk/i/pix/2016/11/03/12/3A05CB5100000578-0-image-a-11_1478177178024.jpg
49,San Diego Ca,dish,"https://s3-media1.fl.yelpcdn.com/bphoto/s1dvW06kG3hxAputC0Yp2Q/ls.jpg https://res.cloudinary.com/bloomnation/c_pad,d_vendor:global:catalog:product:image.png,f_auto,fl_preserve_transparency,q_auto/v1566472422/vendor/7378/catalog/product/2/0/20190712033211_file_5d27ff3bba7ed_5d27ff7d176e6.jpg https://i.redd.it/yeotaa98qkb01.jpg https://assets3.thrillist.com/v1/image/2744486/size/gn-gift_guide_variable_c.jpg"
50,Stockholm,dish,https://www.routesnorth.com/wp-content/uploads/2017/06/swedish-meatballs-stockholm.jpg https://i1.wp.com/worldoffoodanddrink.worldtravelguide.net/wp-content/uploads/2018/06/shu-Sweden-food-meatballs-59737574-photo-oasis-1440x823.jpg?fit=1440%2C823&ssl=1 https://cdn.theculturetrip.com/wp-content/uploads/2016/06/22963330526_b65c0bd063_h.jpg https://i2.wp.com/www.slowtravelstockholm.com/wp-content/uploads/2015/09/Swedish-Food-3843.jpg?resize=838%2C556&ssl=1
51,Oslo,dish,https://9qjzgzbyth-flywheel.netdna-ssl.com/wp-content/uploads/2017/09/traditional-norwegian-food.jpg https://i.ytimg.com/vi/oPX040-omnc/maxresdefault.jpg https://1940sexperiment.files.wordpress.com/2009/08/theoslomeal.jpg?w=660 https://rationbookcookery.files.wordpress.com/2013/02/dsc04204-web-copy.jpg
52,Tromso,dish,https://media-cdn.tripadvisor.com/media/photo-s/0e/27/1c/f1/a-nice-fried-noodle-dish.jpg
53,Fort Lauderdale Fl,dish,"https://res.cloudinary.com/bloomnation/c_pad,d_vendor:global:catalog:product:image.png,f_auto,fl_preserve_transparency,q_auto/v1546729622/vendor/4456/catalog/product/2/0/20190105030136_file_5c30c6d062a68.jpg https://images.offerup.com/Nkhh1NuFtv3ixANx2cGIaclPAFw=/600x450/3abd/3abd90e6351e440bbc75650171ceb9f3.jpg https://res.cloudinary.com/bloomnation/c_pad,d_vendor:global:catalog:product:image.png,f_auto,fl_preserve_transparency,q_auto/v1438316108/vendor/3104/catalog/product/m/e/medium_dish_garden_by_teleflora_14.jpg https://images.offerup.com/V2Qt4pWCZmFGJhcB9vttZbMiPNo=/300x400/b2f9/b2f921c6e84b4045b38d0000e4feeee4.jpg"
54,Portland Or,dish,"https://res.cloudinary.com/sagacity/image/upload/c_crop,h_2630,w_2462,x_0,y_630/c_limit,dpr_auto,f_auto,fl_lossy,q_80,w_1080/1117-best-restaurants-paadee_zg83vb.jpg https://cdn.vox-cdn.com/thumbor/RIBRNRBtONjLxAhbZLevsWadAs8=/0x0:1616x1080/1200x900/filters:focal(679x411:937x669)/cdn.vox-cdn.com/uploads/chorus_image/image/62701483/Nick_Woo_Rose_VL_Deli.13.jpg https://res.cloudinary.com/sagacity/image/upload/c_crop,h_3885,w_3648,x_0,y_1245/c_limit,dpr_auto,f_auto,fl_lossy,q_80,w_1080/FEATURE_Breakfast_-_IMG_0568_tifj8e.jpg https://cdn.vox-cdn.com/thumbor/yk8ui5p0pv7tsTodTZ9EXf7vYXY=/0x0:960x771/1200x900/filters:focal(404x310:556x462)/cdn.vox-cdn.com/uploads/chorus_image/image/62818376/Paadee_Facebook.0.jpg"
55,Hamburg,dish,https://upload.wikimedia.org/wikipedia/commons/thumb/d/dc/GT_Hering-Spiegelei.Bratkartoffeln_1.jpg/1200px-GT_Hering-Spiegelei.Bratkartoffeln_1.jpg https://theculturetrip.com/wp-content/uploads/2017/01/labskau-427031_1920.jpg https://upload.wikimedia.org/wikipedia/commons/d/dc/GT_Hering-Spiegelei.Bratkartoffeln_1.jpg https://www.justonecookbook.com/wp-content/uploads/2017/05/Hamburger-Steak.jpg
56,Bremen,dish,https://i.pinimg.com/originals/a5/5b/e2/a55be2c9e6e5bd81697b4ebb9b613187.jpg https://media-cdn.tripadvisor.com/media/photo-s/08/66/ae/56/gasthausbrauerei-schuttinger.jpg https://upload.wikimedia.org/wikipedia/commons/b/ba/Hamburger_Labskaus_1.jpg
57,Vienna,dish,https://images.customwheeloffset.com/web/275667-1-2013-brz-subaru-bc-racing-coilovers-ssr-vienna-dish-chrome.jpg https://www.tripsavvy.com/thmb/w86BHmfgXFsFvYL4q8Rhtj9Guv8=/4608x3456/filters:no_upscale():max_bytes(150000):strip_icc()/Wiener-Schnitzel-Vienna-Brandon-Rosenblum-MomentOpen-Getty-5abf358ac5542e00375a594a.jpg https://i.ytimg.com/vi/Dhl-acjU1_8/maxresdefault.jpg
58,Bratislava,dish,https://media-cdn.tripadvisor.com/media/photo-s/05/0d/fd/d5/bratislava-flag-ship.jpg https://theculturetrip.com/wp-content/uploads/2017/06/7915883936_0e8986086c_k.jpg https://media-cdn.tripadvisor.com/media/photo-s/04/11/02/79/bratislava-flag-ship.jpg https://www.famoushostels.com/wp-content/uploads/bratislava-food-640x283.jpg
59,Budapest,dish,https://weekender-uk-uploads-3.imgix.net/wp-content/uploads/2017/01/1051JP-article_budapest_cuisine_1-article.jpg?auto=format&q=50 https://312070-955727-raikfcquaxqncofqfm.stackpathdns.com/wp-content/uploads/2017/03/l%C3%A1ngos_street-kitchen.hu_.jpg https://www.tripsavvy.com/thmb/Y8DWqx38b_HqEh0CmpkcmbfDDtw=/3865x2576/filters:no_upscale():max_bytes(150000):strip_icc()/hungarian-faltbread-505883912-5aa6fa481f4e130037c02ad2.jpg http://thatbackpacker.com/wp-content/uploads/2016/05/T%C3%BAr%C3%B3s-Csusza-Budapest-700x466.jpg
60,Reykjavik,dish,"https://media-cdn.tripadvisor.com/media/photo-s/0a/a1/5c/28/great-stop-over-for-quick.jpg https://assets.vogue.com/photos/5a0398bf32d3057951cbe86c/master/w_2000,h_1346,c_limit/02-iceland-food-guide.jpg"
61,New York City Ny,dish,https://cdn.vox-cdn.com/thumbor/Cnto0FCXmYbdK2OHRlqPoSKZYxU=/0x0:5616x3744/1200x675/filters:focal(2359x1423:3257x2321)/cdn.vox-cdn.com/uploads/chorus_image/image/59462961/Khachapuri_Acharuli_Georgian_Dream_1.0.jpg https://cdn.newsday.com/polopoly_fs/1.27017904.1549576224!/httpImage/image.jpg_gen/derivatives/landscape_768/image.jpg https://upload.wikimedia.org/wikipedia/commons/6/64/NYPizzaPie.jpg
62,Orlando Fl,dish,"https://res.cloudinary.com/bloomnation/c_pad,d_vendor:global:catalog:product:image.png,f_auto,fl_preserve_transparency,q_auto/v1538096174/vendor/5096/catalog/product/2/0/20180419041706_file_5ad8c10290a85.jpg https://cloudfront.bjsrestaurants.com/450.jpg https://media.cntraveler.com/photos/5cbe3aa94b9facf9e3b8bd6c/4:3/w_420,c_limit/Black-Rooster-Taqueria_2019_Adrien-Finkel-photo-credit.jpg https://s3-media3.fl.yelpcdn.com/bphoto/llUWm6vYMV-kEKTanDLYEA/ls.jpg"
63,Krabi,dish,https://www.packnwood.com/assets/images/product-images/209BBKRABI_KRABI%20Bamboo%20Mini%20Square%20Dish_600x600.jpg https://cdn.pixabay.com/photo/2016/11/17/10/17/thailand-1831171_960_720.jpg
64,Munich,dish,https://media-cdn.tripadvisor.com/media/photo-s/08/1e/41/24/hofbrauhaus.jpg https://www.dw.com/image/48239922_303.jpg
65,Amsterdam,dish,https://media-cdn.tripadvisor.com/media/photo-s/09/a3/d8/48/getlstd-property-photo.jpg https://u.tfstatic.com/restaurant_photos/669/257669/169/612/jack-dish-ingang-8df47.jpg https://www.iamsterdam.com/media/typically-dutch/bitterballen-cc-by-sa-20-ewan-munro-via-flickr.jpg?w=977
66,Malmo,dish,https://media-cdn.tripadvisor.com/media/photo-s/0e/3a/91/dc/great-dish.jpg https://www.thelocal.se/userdata/images/article/d5e8f4deaacd899334b6835baeb60b6c063026b5e61402b45cf384d255d9d733.jpg https://media-cdn.tripadvisor.com/media/photo-s/0e/60/5c/b5/my-dish-140-sek.jpg
67,Bergen,dish,https://media-cdn.tripadvisor.com/media/photo-s/0b/0e/a2/b0/the-rice-and-veggie-dish.jpg https://img.theculturetrip.com/768x432/wp-content/uploads/2014/09/a-dish-at-munken-bistro-courtesy-of-munken-bistro.jpg
68,Trondheim,dish,https://media-cdn.tripadvisor.com/media/photo-s/14/07/6e/87/menu-main-dish-curry.jpg https://images.ctfassets.net/nwbqij9m1jag/2R4y5XEvyo2Ik8YcayGco2/21d838bb1b5d8275e9cb7844e6048bb8/tasting-menu-food-havfruen-restaurant-trondheim.jpg https://media-cdn.tripadvisor.com/media/photo-s/0a/14/ec/80/frida.jpg https://trondheim.esn.no/sites/trondheim.esn.no/files//events/images/food_festival.jpg
69,Melbourne,dish,"https://img.theculturetrip.com/768x432/wp-content/uploads/2017/07/food-2375468_1920.jpg https://www.weekendnotes.com/im/008/01/rice-dish-chicken-salted-egg-yolk-bakuteh-fast-foo1.jpg https://tul.imgix.net/content/article/melbournes-best-dishes-1.jpg?auto=format,compress&w=520&h=390&fit=crop https://media.timeout.com/images/103942272/630/472/image.jpg"
70,Adelaide,dish,https://www.broadsheet.com.au/media/cache/b6/b2/b6b24044615dc85b4f421752e1b28420.jpg https://cdn-image.travelandleisure.com/sites/default/files/styles/1600x1000/public/1559141853/botanic-gardens-restaurant-adelaide-dish-ADELAIDEFOOD0519.jpg?itok=cbNAim7O https://www.broadsheet.com.au/media/cache/05/ed/05eddd8f747c7b855f5da65a1fe0ef32.jpg
71,Auckland,dish,https://resources.stuff.co.nz/content/dam/images/1/j/7/e/x/w/image.related.StuffLandscapeSixteenByNine.710x400.1j4cfm.png/1495600398369.jpg https://www.thedenizen.co.nz/wp-content/uploads/2019/05/EbisuRoundup.jpg https://resources.stuff.co.nz/content/dam/images/1/t/v/1/q/7/image.related.StuffLandscapeSixteenByNine.710x400.1tu22d.png/1552254075549.jpg
72,Queenstown,dish,https://media-cdn.tripadvisor.com/media/photo-s/0d/e0/af/0d/sea-of-cheese.jpg https://resources.stuff.co.nz/content/dam/images/1/h/n/y/i/c/image.related.StuffLandscapeSixteenByNine.710x400.1hnxfi.png/1488855899696.jpg https://media-cdn.tripadvisor.com/media/photo-s/0a/4c/89/a2/deep-south-deep-dish.jpg https://www.traveller.com.au/content/dam/images/g/u/m/r/5/3/image.related.articleLeadwide.620x349.gumrf4.png/1488515028644.jpg
73,Christchurch,dish,https://resources.stuff.co.nz/content/dam/images/1/s/3/1/8/4/image.related.StuffLandscapeSixteenByNine.710x400.1s300s.png/1538703363768.jpg https://resources.stuff.co.nz/content/dam/images/1/j/7/e/x/w/image.related.StuffLandscapeSixteenByNine.710x400.1j4cfm.png/1495600398369.jpg https://media-cdn.tripadvisor.com/media/photo-s/05/a6/c8/e9/fiddlesticks.jpg
74,Wellington,dish,https://upload.wikimedia.org/wikipedia/commons/thumb/a/ac/Beef_Wellington_-_Crosscut.jpg/1200px-Beef_Wellington_-_Crosscut.jpg https://media1.popsugar-assets.com/files/thumbor/DyVqZ6LBe42x1FD7NUL7VVjVJVg/fit-in/1200x630/filters:format_auto-!!-:strip_icc-!!-:fill-!white!-/2014/09/25/093/n/1922195/a02f8a76c18d7800_thumb_temp_facebook_post_image_file147285871186426419.jpg https://upload.wikimedia.org/wikipedia/commons/a/ac/Beef_Wellington_-_Crosscut.jpg https://images.scrippsnetworks.com/up/tp/Scripps_-_Food_Category_Prod/483/91/0227354_854x480.jpg
75,Brisbane,dish,https://media-cdn.tripadvisor.com/media/photo-s/10/e7/b5/fd/side-dishes.jpg https://foodscene.deliveroo.com.au/assets/images/blogs/foodscene.deliveroo.com.au/en/cuisine-inspiration/1Jijjen531cLoQtqeUDsvDhRHf8qfRFCjJlNkBrwEDg8/h_20._asian_agg_dish.jpg?v=1.01 https://media-cdn.tripadvisor.com/media/photo-s/09/46/a0/02/national-dish.jpg https://s1.at.atcdn.net/wp-content/uploads/2016/06/Morning-After-carbonara-2.jpg
76,Prague,dish,https://media-cdn.tripadvisor.com/media/photo-s/05/b3/63/b9/dish-fine-burger-bistro.jpg https://www.prague-stay.com/images/full_image/1920x1200/prague%20dish%202-resize~dish-fine-burger-bistro-large-burger.jpg https://images.squarespace-cdn.com/content/v1/513bdac4e4b0fe58c657e604/1425856181316-32PHXUDUA4JTPL9HZQGB/ke17ZwdGBToddI8pDm48kPg3kkMSlDqGprD-21e6kCJZw-zPPgdn4jUwVcJE1ZvWQUxwkmyExglNqGp0IvTJZamWLI2zvYWH8K3-s_4yszcp2ryTI0HqTOaaUohrI8PIpppx-FWaxK7i6rVdWZNGy6SGN0ZVlswpj22aI6j1zesKMshLAGzx4R3EDFOm1kBS/IMG_4938.jpg https://www.prague-stay.com/images/full_image/1920x1200/prague%20dish%201-resize~dish-fine-burger-bistro-american-cuisine.jpg
77,Zurich,dish,https://www.odt.co.nz/sites/default/files/styles/odt_story_slideshow/public/story/2016/04/the_finished_product_photos_by_gregor_richardson__51ee1c0667.JPG?itok=FN75O0sa https://ak2.picdn.net/shutterstock/videos/4242872/thumb/1.jpg http://soloadventureseuro.com/IMG_4452.JPG https://157212-453144-1-raikfcquaxqncofqfm.stackpathdns.com/wp-content/uploads/2014/01/zurich-style-veal-12.jpg
78,Milan,dish,https://www.foodrepublic.com/wp-content/uploads/2015/04/Polenta-1-_0.jpg https://italyxp.com/sites/default/files/styles/xp_blog_full/public/mediaitalyxp/risotto_milanese_ossobuco_milan_food.jpg http://i2.wp.com/www.foodrepublic.com/wp-content/uploads/2015/05/risotto-milanese.jpg?resize=4272%2C3168 https://italyxp.com/sites/default/files/styles/xp_blog_full/public/mediaitalyxp/cotoletta_alla_milanese_milan_food.jpg
79,Osaka,dish,https://cdn.triplelights.com/uploads/2014-05/10-foods-you-must-try-in-osaka-600x400-20141125-2.jpg http://tillthemoneyrunsout.com/wp-content/uploads/2015/03/14926089355_cc7db3513a_o.jpg https://netmobius.freetls.fastly.net/images-stn-osaka/156-Osaka-Food-Top-five10.jpg https://img.travel.rakuten.co.jp/mytrip/content/gourmet/tabimeshi-osaka/images/fp_takoyaki.jpg
80,Valencia,dish,https://thumbs.dreamstime.com/z/cooked-fideua-valencia-dish-oval-plate-garnished-lemon-peel-peas-carrots-lobster-under-checkered-napkin-wooden-69365069.jpg https://img.theculturetrip.com/768x432/wp-content/uploads/2017/12/8197006381_3f8aa53b6d_k.jpg https://madridfoodtour.com/wp-content/uploads/2017/06/paella-mixta.jpg
81,Ao Nang,dish,https://media-cdn.tripadvisor.com/media/photo-s/06/8e/de/df/different-dishes.jpg https://media-cdn.tripadvisor.com/media/photo-s/0a/47/0f/de/cheap-cheap-restaurant.jpg
82,Alicante,dish,https://previews.123rf.com/images/francisgonsa/francisgonsa1611/francisgonsa161100286/66954536-rice-with-crust-dish-typical-of-elche-in-alicante-province-spain-.jpg https://www.bautrip.com/images/food/arroz-con-costra-alicante-crusted-rice.jpg
83,Sliema,dish,https://media-cdn.tripadvisor.com/media/photo-s/10/cd/78/0e/rabbit-dish-mason-s-cafe.jpg https://cdn3.gbot.me/photos/Fx/r1/1453397292/-Postcard_of_Ta__kris_rest-20000000009365250-500x375.jpg https://media-cdn.tripadvisor.com/media/photo-s/18/59/fe/de/penne-pasta-dish.jpg https://www.thespruceeats.com/thmb/ebhbQQvd6gXRZB29iZSYSBlWp-Q=/1500x1000/filters:no_upscale():max_bytes(150000):strip_icc()/best-fish-and-chips-recipe-434856-Hero-5b61b89346e0fb00500f2141.jpg
84,Madrid,dish,https://www.tripsavvy.com/thmb/-emuaHbpsK2h95fSi5bI4pFaV_A=/3480x2604/filters:no_upscale():max_bytes(150000):strip_icc()/cochinillo-madrid-food-56a4208e5f9b58b7d0d5841d.JPG https://madridfoodtour.com/wp-content/uploads/2013/12/4-callos.jpg https://thumbs.dreamstime.com/z/paella-madrid-pan-traditional-valencian-rice-dish-seafood-34500086.jpg https://madridfoodtour.com/wp-content/uploads/2013/12/3-IMG_8379.jpg
85,Goa,dish,http://im.rediff.com/getahead/2015/dec/10goan-food8.jpg http://www.indiamarks.com/wp-content/uploads/Goa-cuisine.jpg https://ihplb.b-cdn.net/wp-content/uploads/2017/07/10.-pork-vindaloo.jpg
86,Rome,dish,https://images.huffingtonpost.com/2012-09-06-trippa.jpg
87,Toronto,dish,https://assets3.thrillist.com/v1/image/1431272/size/tmg-article_default_mobile.jpg
88,Boulder Co,dish,https://www.boulderdowntown.com/_files/images/dish_storefront_2015.jpg https://s3-media2.fl.yelpcdn.com/bphoto/NFSVRjKEXj4kalBXhfusYA/l.jpg https://media-cdn.tripadvisor.com/media/photo-s/02/ca/43/18/great-deep-dish-pizza.jpg https://s3-media2.fl.yelpcdn.com/bphoto/fot9SeZDN83U0Q8G3b2nUQ/l.jpg
89,Los Angeles Ca,dish,"https://media-cdn.tripadvisor.com/media/photo-s/0f/1d/b1/17/chicago-deep-dish-pizza.jpg https://res.cloudinary.com/bloomnation/c_pad,d_vendor:global:catalog:product:image.png,f_auto,fl_preserve_transparency,q_auto/v1542437759/vendor/896/catalog/product/2/0/20181116105426_file_5bef4aa2cf294.jpg https://cdn.vox-cdn.com/thumbor/iRrgDTjIXSbTaF8npCFj1gQveuo=/0x0:2400x1600/1200x900/filters:focal(1506x259:1890x643)/cdn.vox-cdn.com/uploads/chorus_image/image/55511767/moos_craft_bbq_clay_larsen4.11.jpg https://res.cloudinary.com/bloomnation/c_pad,d_vendor:global:catalog:product:image.png,f_auto,fl_preserve_transparency,q_auto/v1549547874/vendor/3817/catalog/product/2/0/20160709035547_file_57811e83a5dcc.jpg"
90,Playa Del Carmen,dish,https://media-cdn.tripadvisor.com/media/photo-s/0a/d2/67/65/rincon-mexicano-beef.jpg http://hotelcielo.com/wp-content/uploads/2012/02/concitapibil.jpg https://media-cdn.tripadvisor.com/media/photo-s/10/2e/db/e1/main-dish-beef-flank.jpg http://hotelcielo.com/wp-content/uploads/2012/02/4639948076_de81c65ae8_o.jpg
91,Zagreb,dish,http://www.learncroatian.eu/images/blog/1711-traditional-zagreb-dishes/traditional_dishes_350x350.jpg https://media-cdn.tripadvisor.com/media/photo-s/14/4a/24/bf/strukli-a-baked-cheese.jpg https://bigseventravel.com/wp-content/uploads/2019/08/submarine9truffles.jpg https://media-cdn.tripadvisor.com/media/photo-s/10/aa/40/64/rustica-dish.jpg
92,Kobe,dish,https://ichibankobe.com/wdps/wp-content/uploads/2016/05/01-17-810x540.jpg https://gaijinpot.scdn3.secure.raxcdn.com/app/uploads/sites/6/2017/12/kobe-beef-sushi.jpg https://images2.westword.com/imager/u/745xauto/6745296/okonomiyaki03.jpg https://savorjapan.com/gg/content_image/2017/08/japanese-steak_hero.jpg
93,Winnipeg,dish,https://www.readersdigest.ca/wp-content/uploads/sites/14/2016/05/walleye-pickerel-in-winnipeg.jpg https://www.tourismwinnipeg.com/uploads/blog_post/blog_post_image_549.t1529947956.jpg https://i.cbc.ca/1.4765382.1533057467!/fileImage/httpImage/image.jpg_gen/derivatives/16x9_780/skip-the-dishes.jpg https://www.tourismwinnipeg.com/uploads/blog_post/blog_post_image_494.t1529947921.jpg
94,Cape Town,dish,https://www.cometocapetown.com/wp-content/uploads/2017/09/Cape-Town-Street-Food-8-Exotic-Dishes-You%E2%80%99ll-Find-On-The-Streets-Pizza.jpg https://i.ytimg.com/vi/9X8UBIbQN7I/maxresdefault.jpg https://cdn.theculturetrip.com/wp-content/uploads/2016/11/16117646898_f4da7650fa_k.jpg
95,Honolulu Hawaii,dish,https://migrationology.com/wp-content/uploads/2012/03/traditional-hawaiian-food.jpg http://honolulumagazine-images.dashdigital.com/images/2014/Aug14/Gluten_kalesalad.jpg?ver=1407806610 https://i.pinimg.com/originals/77/82/14/778214b4263d751a593d32789cc0ba5f.jpg
96,Luxembourg,dish,http://www.123countries.com/wp-content/uploads/2015/11/National-Dish-Judd-Mat-Gaardebounen-Of-Luxembourg.jpg https://felixhirsch.files.wordpress.com/2010/10/img_4515.jpg https://upload.wikimedia.org/wikipedia/commons/3/3b/Judd_mat_Gaardebounen.jpg
97,Bruges,dish,https://media-cdn.tripadvisor.com/media/photo-s/0a/e4/b0/f2/paling-in-het-groen-eel.jpg http://www.pigeonandpoodle.com/wp-content/uploads/2014/06/pp_Bruges1163_charcoal_sd.jpg https://media-cdn.tripadvisor.com/media/photo-s/13/c3/35/2f/the-dish-of-the-day.jpg
98,Vancouver,dish,https://604now.com/wp-content/uploads/2017/09/vancouver_deep_dish_pizza.jpg https://images.dailyhive.com/20190219123110/Signature-Maine-Lobster-Ma-Po-Tofu.jpg
99,Seattle Wa,dish,"https://www.tripsavvy.com/thmb/hqZOO40HlOS71gV98oMLfleRT-4=/3600x2400/filters:no_upscale():max_bytes(150000):strip_icc()/GettyImages-520813162-59b57facd963ac0011fda9e9.jpg https://res.cloudinary.com/bloomnation/c_pad,d_vendor:global:catalog:product:image.png,f_auto,fl_preserve_transparency,q_auto/v1537338311/vendor/3112/catalog/product/2/0/20180918111910_file_5ba187ee7271e.jpg https://s3-media4.fl.yelpcdn.com/bphoto/VxgDfQGteoNGAiVBPymvHQ/l.jpg https://s3-media2.fl.yelpcdn.com/bphoto/oBpZXMQGo88Rib3Am2V8WQ/l.jpg"
100,Paris,dish,https://assets3.thrillist.com/v1/image/1442121/size/tmg-slideshow_l.jpg https://i.ytimg.com/vi/UMzaDb7n_a0/maxresdefault.jpg https://assets3.thrillist.com/v1/image/1442121/size/tmg-article_default_mobile.jpg https://media-cdn.tripadvisor.com/media/photo-s/01/c6/d7/e4/my-favourite-dish.jpg
101,Rotterdam,dish,https://spanishsabores.com/wp-content/uploads/2013/05/Rotterdam-Food1.jpg https://dutchreview.com/wp-content/uploads/37281040_10216330497724376_812384486988709888_n.jpg https://media-cdn.tripadvisor.com/media/photo-s/0f/32/5f/a5/dish-ii-overview.jpg
102,Buenos Aires,dish,https://www.traveller.com.au/content/dam/images/h/1/7/y/v/k/image.related.articleLeadwide.620x349.h17u09.png/1542896578474.jpg https://media-cdn.tripadvisor.com/media/photo-s/08/0e/db/e6/las-cholas.jpg https://cdn.vox-cdn.com/thumbor/XiizyJafj3mDnzsNyJBMrtpBV0k=/0x0:960x640/1200x900/filters:focal(358x297:510x449):no_upscale()/cdn.vox-cdn.com/uploads/chorus_image/image/62571006/buenos_aires_carniceria.0.0.jpg
103,Salzburg,dish,https://upload.wikimedia.org/wikipedia/commons/0/0f/Salzburger_Nockerln_04_gastronomie_001.jpg http://www.thecutlerychronicles.com/wp-content/uploads/2017/07/2017-06-09-05.53.51-1-1440x1151.jpg https://upload.wikimedia.org/wikipedia/commons/thumb/0/0f/Salzburger_Nockerln_04_gastronomie_001.jpg/1200px-Salzburger_Nockerln_04_gastronomie_001.jpg https://media-cdn.tripadvisor.com/media/photo-s/10/fd/36/cc/dishes.jpg
104,Chicago Il,dish,https://giordanos.com/content/uploads/Pizza_New-Homepage-image.jpg https://i0.wp.com/theclare.com/wp-content/uploads/2015/10/Pizzeria_Uno_Chicago-style_deep-dish_pizza.jpg?ssl=1 https://giordanos.com/wp-content/uploads/Hero-image_1210-v2.jpg https://s3.amazonaws.com/cdn.tastesofchicago.com/images/uploads/category_468_6540.jpg
105,Charleston Sc,dish,"https://cdn.vox-cdn.com/thumbor/WixIisPWRBx3Y3NY2sRrXrYsiYg=/0x0:845x563/1200x900/filters:focal(355x214:489x348)/cdn.vox-cdn.com/uploads/chorus_image/image/61518251/9d91d2_dec30e8439d344c78662e4911071acab.0.0.0.0.jpg https://res.cloudinary.com/bloomnation/c_pad,d_vendor:global:catalog:product:image.png,f_auto,fl_preserve_transparency,q_auto/v1560638884/vendor/465/catalog/product/2/0/20190615034549_file_5d0512ad99ee0_5d0513328150c.jpg https://cdn.vox-cdn.com/thumbor/nLtKunfCZ7OLOFIpKLFI7SxPshI=/0x0:3817x2545/1200x900/filters:focal(1603x967:2213x1577):no_upscale()/cdn.vox-cdn.com/uploads/chorus_image/image/62540158/bowensisland_charleston_fringe_frogmorestew.0.0.0.0.0.jpg https://www.crazyforcrust.com/wp-content/uploads/2017/05/best-eats-and-drinks-in-charleston-640x1300.jpg"
106,London,dish,"https://www.dontbelieveinjetlag.com/wp-content/uploads/2014/10/bone-marrow-1050x698.jpg https://media.timeout.com/images/104695195/630/472/image.jpg https://upload.wikimedia.org/wikipedia/commons/1/15/Asian_Salmon_dish%2C_The_Langham_Hotel%2C_London.jpg https://media.cntraveler.com/photos/540f693ea5a7650f3959eb41/4:3/w_480,c_limit/context-london-scotch-egg.jpg"
107,Cork,dish,https://www.bittersco.com/v/vspfiles/photos/BS169-2.jpg?v-cache=1462536686 https://cdn.shopify.com/s/files/1/1487/9978/products/Vintage_cork_dis_531b88a30aae4.jpg?v=1481485751 https://images-na.ssl-images-amazon.com/images/I/51oo0H0o33L._SX425_.jpg https://flowerwholesale.com/image/cache/catalog/Big_Size/ZCERAMICS/ZCER-7607-600x600.jpg
108,Tokyo,dish,http://www.eatingoutintokyo.com/Lunch/wp-content/uploads/2009/10/japanese-restaurants-in-tokyo-unatoto-food-and-service-hitsumagushi-eel-dish-in-detail.jpg https://img.travel.rakuten.co.jp/mytrip/content/gourmet/tabimeshi-tokyo/images/01.jpg https://gerilen.files.wordpress.com/2015/08/picture2-1145.jpg https://www.thefoodscout.net/wp-content/uploads/2017/07/IMG_5615.jpg
109,Miami Fl,dish,"https://cdn.theculturetrip.com/wp-content/uploads/2016/08/a_dish_that_features_whole_fried_invasive_lionfish_at_fish_fish_of_miami_florida.jpg https://res.cloudinary.com/bloomnation/c_pad,d_vendor:global:catalog:product:image.png,f_auto,fl_preserve_transparency,q_auto/v1537230540/vendor/5166/catalog/product/2/0/20180917043140_file_5b9fd6ecee9a9.jpg https://img.theculturetrip.com/768x432/wp-content/uploads/2016/08/a_dish_that_features_whole_fried_invasive_lionfish_at_fish_fish_of_miami_florida.jpg https://rdc.rdcimage.com/partner-images/392920/micrositeimage_photo2.jpg"
110,Montreal,dish,http://www.montrealgazette.com/life/cms/binary/5654451.jpg?size=640x420 https://www.nationalgeographic.com/content/dam/travel/photos/000/Migration/38038.ngsversion.1475163021014.adapt.1900.1.jpg http://www.shutupandeat.ca/wp-content/uploads/2014/01/IconicMontreal.jpg
111,Perth,dish,"https://images.thewest.com.au/publication/YA-110963/576d4d5f6ef52_b88174997z.1_20160624230119_000_gvsji8oa.3_1-1bmqjav.jpg https://tul.imgix.net/content/article/Urban_Feast_30_Dishes.jpg?auto=format,compress&w=520&h=390&fit=crop https://media-cdn.tripadvisor.com/media/photo-s/04/39/47/dc/amazing-venison-dish.jpg https://tul.imgix.net/content/article/Urban_Feast_30_Dishes.jpg?auto=format,compress&w=1200&h=630&fit=crop"
112,Ko Samui,dish,https://www.eatingthaifood.com/wp-content/uploads/2015/07/best-thai-food-koh-samui.jpg
113,Siem Reap,dish,http://angkor.ttchotels.com/uploads/images/hotel-ttc-hotel-premium-angkor/bai-sach-chrouk(1).jpg https://a.cdn-hotels.com/gdcs/production104/d274/5cf221dc-d674-44b5-be85-8990f2ce6783.jpg
114,Pai,dish,https://upload.wikimedia.org/wikipedia/commons/thumb/8/88/Paya_Curry.JPG/1200px-Paya_Curry.JPG https://media2.trover.com/T/54e7a703d6bdd4550a00729f/fixedw_large_4x.jpg https://upload.wikimedia.org/wikipedia/commons/8/88/Paya_Curry.JPG https://1.bp.blogspot.com/-HvcQ1yjX8S8/V87YVhuTZGI/AAAAAAAADi0/O6kzfiFukgM-g5F9zVuU2u5Mlu5_GMD7gCLcB/s640/pai6.JPG
115,Hanoi,dish,https://www.straitstimes.com/sites/default/files/38514004_-_26_05_2016_-_yeviet.jpg https://www.authenticfoodquest.com/wp-content/uploads/2017/04/BunChaMeal_MustEatinHanoi_AuthenticFoodQuest.jpg https://www.restaurants-in-hanoi.com/wp-content/uploads/2017/05/food_hanoi_5.jpg
116,Shanghai,dish,https://www.seriouseats.com/images/2015/05/20150523-shanghai-streetfood-eelnoodles-fionareilly-slide-03.jpg https://media-cdn.tripadvisor.com/media/photo-s/01/8b/ac/dc/shanghainese-cold-tofu.jpg https://www.travelchinaguide.com/images/photogallery/2009/0601163157.jpg https://www.seriouseats.com/recipes/images/2015/02/20150206-lions-head-shao-zhong-16.jpg
117,Taipei,dish,"https://cdn.vox-cdn.com/thumbor/BBmfM6BhYUG8bDPiopVZ2VmW7zQ=/0x0:4032x3024/1200x675/filters:focal(1694x1190:2338x1834)/cdn.vox-cdn.com/uploads/chorus_image/image/63190578/Taipei_PhonePhotos_14.0.jpg https://cdn.cnn.com/cnnnext/dam/assets/150520113507-best-taiwanese-food--1braised-pork-lurou-rice-super-169.jpg https://dynaimage.cdn.cnn.com/cnn/q_auto,w_412,c_fill,g_auto,h_232,ar_16:9/http%3A%2F%2Fcdn.cnn.com%2Fcnnnext%2Fdam%2Fassets%2F150520113507-best-taiwanese-food--1braised-pork-lurou-rice.jpg https://lh3.googleusercontent.com/-I3y2fzIFrlI/WNKvX3Q0L8I/AAAAAAAApJk/2HivEf8bAJc/Taipei_thumb%25255B2%25255D.jpg?imgmax=800"
118,Guadalajara,dish,https://media-cdn.tripadvisor.com/media/photo-s/0a/b7/17/43/camarones-el-a-crema.jpg https://imagenescityexpress.scdn6.secure.raxcdn.com/sites/default/files/2017-11/food-guadalajara-1.jpg https://media-cdn.tripadvisor.com/media/photo-s/0b/76/af/b8/steak-dish.jpg https://imagenescityexpress.scdn6.secure.raxcdn.com/sites/default/files/inline-images/food-guadalajara.jpg
119,Las Vegas Nv,dish,"https://i.redd.it/9tafbubw96q21.jpg https://s3-media1.fl.yelpcdn.com/bphoto/ARs3JlNIuIViXmNOKcewQA/o.jpg https://assets.simpleviewcms.com/simpleview/image/fetch/c_fill,g_center,h_610,q_75,w_814/https://lasvegas.simpleviewcrm.com/images/listings/original_Dish-Pool2_Erik-Kabik0.jpg https://i.pinimg.com/originals/bf/92/8c/bf928cd9c18e71d8da8975a06b359435.jpg"
120,Ithaca Ny,dish,https://s3-media4.fl.yelpcdn.com/bphoto/ORgzPVuQEAssIu8M2UoNHg/ls.jpg https://s3-media3.fl.yelpcdn.com/bphoto/ORgzPVuQEAssIu8M2UoNHg/348s.jpg https://s3-media1.fl.yelpcdn.com/bphoto/XWIiMVesy0y6inJF9cMEWQ/ls.jpg https://s3-media3.fl.yelpcdn.com/bphoto/wBlVtdwGxXhM_dwbO5Mhyw/ls.jpg
121,Philadelphia Pa,dish,"https://res.cloudinary.com/bloomnation/c_pad,d_vendor:global:catalog:product:image.png,f_auto,fl_preserve_transparency,q_auto/v1551912466/vendor/3628/catalog/product/2/0/20170217073822_file_58a7512ebee6b.jpg https://assets.eflorist.com/site//EF-14990/assets/products/PHR_/st-dg.jpg https://res.cloudinary.com/bloomnation/c_pad,d_vendor:global:catalog:product:image.png,f_auto,fl_preserve_transparency,q_auto/v1557524277/vendor/6333/catalog/product/2/0/20190430045059_file_5cc87cf3b700b_5cc884de9bf7d.jpg https://i.ebayimg.com/images/g/g-UAAOSwe2xbrakI/s-l300.jpg"
122,Princeton Nj,dish,https://i.ebayimg.com/images/g/nJgAAOSwBHJdZKtd/s-l300.jpg https://assets.eflorist.com/site/EF-3158/assets/products/PHR_/DE-736295-A.jpg?1542998318735 https://www.mistralprinceton.com/wp-content/uploads/2014/07/MG_0867-710x375.jpg https://assets.eflorist.com/site/EF-3158/assets/products/PHR_/sku6570005.jpg
123,Bologna,dish,https://thumbs.dreamstime.com/z/spicy-bologna-white-dish-wood-tabletop-38910292.jpg https://media-cdn.tripadvisor.com/media/photo-s/02/2a/af/8f/trattoria-del-rosso.jpg https://www.cheaprecipeblog.com/wp-content/uploads/2011/12/Ring_bologna_hotdish_recipe_2.jpg http://static1.squarespace.com/static/543d4310e4b0aad95e6f05cb/54aa2ba3e4b010b9ae34e040/5989868de58c6279ad2e6500/1524172387926/tagliatelle+ragu+Lucia+Antonelli+Bologna.jpg?format=1500w
124,San Francisco Ca,dish,https://s.hdnux.com/photos/06/71/24/1807624/5/920x920.jpg https://assets3.thrillist.com/v1/image/1784465/size/gn-gift_guide_variable_c.jpg https://www.abbeyrentssf.com/itemimages/6564.jpg
125,Houston Tx,dish,"https://media.bizj.us/view/img/9121882/aaron-08*750xx6016-3401-0-346.jpg http://www.mogulindianrestaurant.us/images/samples/slide1.jpg http://res.cloudinary.com/culturemap-com/image/upload/ar_4:3,c_fill,g_faces:center,w_1200/v1494903274/photos/217042_original.jpg https://s3-media2.fl.yelpcdn.com/bphoto/8AlwYVQ-5bkP5NNEejU6IA/o.jpg"
126,Helsinki,dish,https://static01.nyt.com/images/2019/03/15/travel/15Helsinki-food-SUB1/15Helsinki-food-SUB1-articleLarge-v2.jpg?quality=75&auto=webp&disable=upscale https://upload.wikimedia.org/wikipedia/commons/d/d0/Indian_lamb_dish_at_restaurant_Namaskaar_Express%2C_Helsinki_railway_station%2C_Finland.jpg https://cdn.theculturetrip.com/wp-content/uploads/2017/03/herring-1600392_1920.jpg https://cdn.vox-cdn.com/thumbor/WuksLNQ1XipnXaLLNk-TA-oubrI=/0x0:2048x1361/1200x900/filters:focal(861x518:1187x844):no_upscale()/cdn.vox-cdn.com/uploads/chorus_image/image/62591785/5._Helsinki_Wild.0.0.jpg
127,Tarifa,dish,https://media-cdn.tripadvisor.com/media/photo-s/12/e5/5f/b7/potato-salad-with-squid.jpg https://img.theculturetrip.com/768x432/wp-content/uploads/2018/09/3471012850_64551f1954_b.jpg https://laresidenciatarifa.com/wp-content/uploads/2019/08/photo_2019-08-02_11-41-51.jpg
128,Bern,dish,https://s3-media3.fl.yelpcdn.com/bphoto/YiKVJhXyN_1BqSmqQhUoWg/o.jpg https://pbs.twimg.com/media/CFEpgwNWYAE5TVD.jpg https://66.media.tumblr.com/42d18667cffb5a9bdb6f5d0c7dd75cf3/tumblr_pn3cufq2DH1qjdr19_1280.jpg https://media-cdn.tripadvisor.com/media/photo-s/13/99/bb/b2/bern-dish.jpg
129,Calgary,dish,https://media-cdn.tripadvisor.com/media/photo-p/0c/92/ba/48/photo0jpg.jpg https://s3-media4.fl.yelpcdn.com/bphoto/vGUEIDUyoROquia8JrqpNg/o.jpg https://media-cdn.tripadvisor.com/media/photo-s/0c/92/ba/48/photo0jpg.jpg https://s3-media1.fl.yelpcdn.com/bphoto/qiVv2Q0VzuMEGL2RiZL9og/o.jpg
130,Phoenix Az,dish,https://s3-media4.fl.yelpcdn.com/bphoto/bq1WFxb1m63_fsB4sO6UZA/ls.jpg http://www.highstreetaz.com/wp-content/uploads/2015/06/Dish-it-Out-AZ-Food-Festival-High-Street-Phoenix.jpg https://www.thekitchenmagpie.com/wp-content/uploads/images/2015/05/PBJBACONBURGER.jpg
131,Sofia,dish,https://media-cdn.tripadvisor.com/media/photo-s/11/a7/bf/53/ixed-meat-dish.jpg http://makeitlast.se/wp-content/uploads/2018/02/Sofia-Wood-Make-it-last-recipes-flavour-combinations.jpg http://media.dishnation.com/content/uploads/2018/04/Sofia-Vegara-Joe-Manganiello-Dish-Nation-1024x573.jpg https://freesofiatour.com/wp-content/uploads/2018/06/bulgarian-food-1200x675.jpg
132,Lyon,dish,https://thisislyon.fr/wp-content/uploads/2016/10/Quenelle-de-brochet-sauce-Nantua-1.jpg https://www.renfe-sncf.com/rw-en/blog/PublishingImages/lyon-dishes/lyon_dishes_01.jpg https://thisislyon.fr/wp-content/uploads/2016/10/LesPlatsLyonnais.jpg https://upload.wikimedia.org/wikipedia/commons/d/dd/Quenelle_de_brochet_sauce_Nantua.jpg
133,Dahab,dish,https://media-cdn.tripadvisor.com/media/photo-s/14/c4/ee/5b/salad-recommended.jpg https://media-cdn.tripadvisor.com/media/photo-s/02/52/56/2e/local-fish-dish.jpg https://216348-656719-raikfcquaxqncofqfm.stackpathdns.com/wp-content/uploads/2018/03/Review10.jpg
134,Istanbul,dish,https://zone-trt-bhxtb9xxzrrdpzhqr.netdna-ssl.com/wp-content/uploads/2017/01/best-food-istanbul-860x653.jpg https://static.toiimg.com/photo/51823113/.jpg https://livewhileyouarealiveblog.files.wordpress.com/2016/03/istanbul-dish-1.jpg https://theistanbulinsider.com/wp-content/uploads/2013/12/turkish-food.jpg
135,Podgorica,dish,https://media-cdn.tripadvisor.com/media/photo-s/07/53/6b/57/kuzina-nacionalni-restoran.jpg https://cedricsuggests.co.uk/wp-content/uploads/IMG_20190415_195727077-1280x640.jpg https://media-cdn.tripadvisor.com/media/photo-s/10/ac/c1/fe/a-perfect-dish-that-made.jpg https://www.total-montenegro-news.com/media/k2/items/cache/0561feaa86a9d43b7dc634e81b54e049_XL.jpg
136,Zadar,dish,https://media-cdn.tripadvisor.com/media/photo-s/0f/8e/71/55/beef-cheeks-over-pasta.jpg https://i.ytimg.com/vi/SPRuibAngOc/maxresdefault.jpg https://media-cdn.tripadvisor.com/media/photo-s/13/86/cd/2b/best-pasta-dish.jpg https://www.zaton.hr/media/images/blog/traditional-food-of-zadar-hinterland/peka.jpg
137,Bordeaux,dish,https://www.winerist.com/images/uploads/Cannales.jpg https://images.homedepot-static.com/productImages/26b7a1cc-1912-40ff-8df2-0c5667bdcf6e/svn/multi-caroline-s-treasures-sink-mats-ss8926ddm-64_1000.jpg https://www.winetraveler.com/wp-content/uploads/2018/03/food-pairing-for-bordeaux-red-wines-winetraveler.jpg https://i0.wp.com/roadsandkingdoms.com/uploads/2018/03/shutterstock_408420685.jpg?w=2400&quality=95&strip=color&ssl=1
138,Da Nang,dish,https://www.misstamchiak.com/wp-content/uploads/2016/03/DSCF0605-001-1-1300x867.jpg https://farm2.staticflickr.com/1549/24861321173_9aa4d66eb0_b.jpg https://originvietnam.com/uploads/travel-guide/danang/Cuisine/IMG_45736458.JPG https://i.ytimg.com/vi/4it0ulp3Fx8/maxresdefault.jpg
139,Alanya,dish,http://alanyainstyle.com/wp-content/uploads/2017/06/kebab-2505237_1280.jpg http://www.tur-tur.pl/wp-content/uploads/2014/06/IMG_4932-768x512.jpg http://www.alanya.com.tr/MesFiles/images/M%C4%B0N%C4%B0%20MUTFAK(1).jpg https://media-cdn.tripadvisor.com/media/photo-s/0f/3b/1f/05/photo0jpg.jpg
140,Seville,dish,https://www.untoldmorsels.com/wp-content/uploads/2017/12/sevile-food-eperiences-1440x883.jpg https://devoursevillefoodtours.com/wp-content/uploads/2015/01/topdishessevillePINTEREST.jpg https://www.untoldmorsels.com/wp-content/uploads/2017/12/croquettas-seville-1440x1145.jpg https://devoursevillefoodtours.com/wp-content/uploads/2017/08/IMG_0854.jpg
141,Las Palmas Canary Islands,dish,https://cdn.theculturetrip.com/wp-content/uploads/2016/02/17198918704_0170ae420f_b.jpg https://www.thespruceeats.com/thmb/I_qchBeq0H7GTsOQhB3vGfXFshY=/450x0/filters:no_upscale():max_bytes(150000):strip_icc()/spanish-local-meals-901005706-5a99890ceb97de0036ae6f00.jpg https://editorial01.shutterstock.com/wm-preview-1500/4443630g/1decdb0d/las-palmas-de-canaria-canary-islands-spain-feb-2015-shutterstock-editorial-4443630g.jpg
142,Rabat,dish,https://media-cdn.tripadvisor.com/media/photo-s/11/42/df/83/main-dish-for-2.jpg https://media-cdn.tripadvisor.com/media/photo-s/0e/3a/0c/de/calamari-dish.jpg
143,Geneva,dish,https://media-cdn.tripadvisor.com/media/photo-s/10/44/0b/0a/deep-dish-chicago-style.jpg https://i.etsystatic.com/6278994/r/il/61cd31/1703982467/il_570xN.1703982467_semu.jpg https://media-cdn.tripadvisor.com/media/photo-s/16/83/58/d3/salmon-dish.jpg
144,Leipzig,dish,https://www.leipzig.travel/fileadmin/mediamanager/Leipzig/2_Freizeit/4_Gastronomie/3_Leipziger_Spezialitaeten/Leipziger_Lerche_Spezialitaeten_Andreas_Schmidt_leipzig.travel.jpg https://www.leipzig.travel/fileadmin/mediamanager/Leipzig/2_Freizeit/4_Gastronomie/3_Leipziger_Spezialitaeten/Leipziger-Allerlei_Gastronomie-Spezialitaeten_Armin-Kuehne_leipzig.travel.jpg
145,Dongguan,dish,http://www.newsgd.com/pictures/images/attachement/jpg/site26/20180103/d8cb8a4766ec1bb6defa16.jpg https://cdn1.i-scmp.com/sites/default/files/styles/1200x800/public/2012/09/09/a4_mag_page_ge_dongguan_sofitel.art_1.jpg?itok=hbPmvjKS https://cdn.shopify.com/s/files/1/1083/1534/articles/unnamed-26_1200x.jpg?v=1516199498
146,San Jose Ca,dish,"https://live.staticflickr.com/4296/35361701193_e3f29dbef8_b.jpg https://s3-media4.fl.yelpcdn.com/bphoto/6bMPx9PlTZPJ9239ezRnMg/o.jpg https://s3-media3.fl.yelpcdn.com/bphoto/ITP7mvPK1rQEM1wUDD3SWQ/o.jpg https://res.cloudinary.com/bloomnation/c_pad,d_vendor:global:catalog:product:image.png,f_auto,fl_preserve_transparency,q_auto/v1515741014/vendor/6012/catalog/product/5/0/50306a8e7e5924b90943345fa815e1e1_7.jpg"
147,Athens,dish,"https://media.cntraveler.com/photos/541c83f0ade04e4d09bbd8ef/4:3/w_480,c_limit/greek-salad-horiatiki-athens-greece.jpg https://media-cdn.tripadvisor.com/media/photo-s/15/01/64/11/delicious-combination.jpg https://travelgreecetraveleurope.com/wp-content/uploads/2016/07/Greek-Food-Experiences-Athens-15-1.jpg"
148,Rhodes,dish,http://www.visitgreece.gr/deployedFiles/StaticFiles/Photos/Gastronomy/rhodes_gastronomy_560.jpg http://www.uplivinggreece.com/img/attraction/image/saligaria_giaxni-0.jpg https://media-cdn.tripadvisor.com/media/photo-s/0f/dc/d5/85/rhodes-restaurant-dish.jpg https://i.pinimg.com/originals/94/7a/e2/947ae27d59d427aed2f281a67b2bdd6c.jpg
149,Hua Hin,dish,https://ed.files-media.com/ud/news/1/150/449665/DSC_0334-620x413.JPG https://www.holidify.com/images/cmsuploads/compressed/900px-Sushi_platter_20190723172126.jpg
150,Saint Petersburg,dish,https://theculturetrip.com/wp-content/uploads/2017/09/shutterstock_678606847.jpg https://img.theculturetrip.com/768x432/wp-content/uploads/2017/09/ukrainian-781537_1920.jpg https://www.tripsavvy.com/thmb/PUk-ylYEsridKnJZZ_eLOVdIrlM=/960x0/filters:no_upscale():max_bytes(150000):strip_icc()/dining-table-with-russian-dishes-688352556-45c072654a5940b8af5f6facff6fb82a.jpg https://cdn.theculturetrip.com/wp-content/uploads/2017/09/ukrainian-781537_1920.jpg
151,Moscow,dish,https://upload.wikimedia.org/wikipedia/en/thumb/e/e7/Gu021.jpg/220px-Gu021.jpg https://img.discogs.com/IpdRQzx1ax6IdaZ-SFjGso9sfjI=/fit-in/600x527/filters:strip_icc():format(jpeg):mode_rgb():quality(90)/discogs-images/R-18265-1439213169-1142.jpeg.jpg https://bridgetomoscow.com/files/200/1152.jpg https://img.discogs.com/I9F3QbdfSVFl1DLIoEstx1wRxaI=/fit-in/300x300/filters:strip_icc():format(jpeg):mode_rgb():quality(40)/discogs-images/R-18265-1439213169-1142.jpeg.jpg
152,Cebu,dish,https://sethlui.com/wp-content/uploads/2018/11/Cebu-Eats-Halo-Halo-6.jpg https://sethlui.com/wp-content/uploads/2018/11/Cebu-Eats-Sutukil-9.jpg
153,Marrakesh,dish,https://andreasgardencooking.files.wordpress.com/2017/04/img_0112.jpg https://www.rexlondon.com/sites/dotcom.pleasetest.co.uk/files/styles/uc_product/public/blue-marrakesh-dish-26695_3.jpg?itok=eVajBuxP
154,Newcastle Upon Tyne,dish,https://media-cdn.tripadvisor.com/media/photo-s/10/de/63/c8/small-dishes-from-around.jpg https://i.ebayimg.com/images/g/-OoAAOSw8hhava18/s-l300.jpg https://media-cdn.tripadvisor.com/media/photo-s/06/b5/c2/c3/beef-chicken-and-scampi.jpg https://www.mfordcreech.com/images/George_III_Silver_Dish_Wedge_Bateman_1_1053w.jpg
155,Palma Mallorca,dish,http://www.thecutlerychronicles.com/wp-content/uploads/2018/03/Mallorca-Tapas-1-1.jpg https://koapalma.com/wp-content/uploads/2019/07/restaurante-en-palma-mallorca-platos-ligeros.jpg http://www.thecutlerychronicles.com/wp-content/uploads/2018/03/Coca-Mallorca-800x1067.jpg https://s20642.pcdn.co/wp-content/uploads/2019/02/Ensaimada.jpg
156,Javea,dish,https://www.javea.com/wp-content/uploads/2016/11/plato-pescado-la-perla-de-javea.jpg
157,Fes,dish,https://www.omenkaonline.com/wp-content/uploads/2018/03/www.delicious.com_.jpg https://cdn.shopify.com/s/files/1/0392/7105/products/FF-TT-FES-006-SERVING-DISH-IN-KORTOBA_Thumbnail-1_1024x1024.progressive.jpg?v=1569511163
158,Taghazout,dish,https://media-cdn.tripadvisor.com/media/photo-s/0e/3c/41/5e/just-for-wiating-the.jpg https://media-cdn.tripadvisor.com/media/photo-s/18/41/b1/22/photo0jpg.jpg
159,Naples,dish,"https://www.tripsavvy.com/thmb/FB1dGrZBF0tuIbou8i_qTxb8Cm4=/960x0/filters:no_upscale():max_bytes(150000):strip_icc()/GettyImages-71627125-59cac223b501e80010cbaaf6.jpg https://dynaimage.cdn.cnn.com/cnn/q_auto,w_412,c_fill,g_auto,h_232,ar_16:9/http%3A%2F%2Fcdn.cnn.com%2Fcnnnext%2Fdam%2Fassets%2F170407165724-sfogliatelle.jpg https://spanishsabores.com/wp-content/uploads/2018/10/DSC05462.jpg https://www.tripsavvy.com/thmb/qEGAe1W4URdsYfI5vVcJrcpcXr8=/2121x1414/filters:no_upscale():max_bytes(150000):strip_icc()/GettyImages-139840826-59b014ab685fbe00107647c8.jpg"
160,Chandigarh,dish,https://media-cdn.tripadvisor.com/media/photo-s/0b/89/4e/63/traditional-dish-of-mumbai.jpg https://media-cdn.tripadvisor.com/media/photo-s/09/47/35/75/barbeque-nation.jpg https://static-blog.treebo.com/wp-content/uploads/2018/02/Golgappa.jpg
161,Utrecht,dish,https://media-cdn.tripadvisor.com/media/photo-s/0d/59/4b/d2/grilled-lamb-dish.jpg https://www.exploreutrecht.nl/wp-content/uploads/2017/02/Badhu_Susanne-Sterkenburg-8-640x330.jpg https://media-cdn.tripadvisor.com/media/photo-s/17/59/c0/18/main-dish-was-lamb-excellent.jpg https://live.staticflickr.com/4534/38494030151_a98d6a7d66_b.jpg
162,Palo Alto Ca,dish,https://s3-media2.fl.yelpcdn.com/bphoto/Ido3ejFIOHVdAuAGY56-kw/348s.jpg https://media-cdn.tripadvisor.com/media/photo-s/08/7c/3f/5b/the-stanford-dish.jpg https://dish.stanford.edu/sites/g/files/sbiybj7556/f/styles/12-col-banner-tall/public/dishimg_3.jpg?itok=sWRoeAZa https://www.mercurynews.com/wp-content/uploads/2019/09/SJM-L-TAMTAM-09XX-3.jpg?w=620
163,Rio De Janeiro,dish,https://www.gringo-rio.com/wp-content/uploads/2014/02/feijoada.jpg http://www.buziosbookers.com/_images/photos/buzios-moqueca-masala-cha.jpg
164,Hangzhou,dish,"https://www.chinadiscovery.com/assets/images/travel-guide/hangzhou/hangzhou-food/hangzhou-cuisine-788.jpg http://cdn.cnn.com/cnnnext/dam/assets/150504123132-hangzhou-dishes--dongpo-pork.jpg https://dynaimage.cdn.cnn.com/cnn/q_auto,w_412,c_fill,g_auto,h_232,ar_16:9/http%3A%2F%2Fcdn.cnn.com%2Fcnnnext%2Fdam%2Fassets%2F150504125705-hangzhou-dishes--longjing-shrimps.jpg http://cdn.cnn.com/cnnnext/dam/assets/150504123132-hangzhou-dishes--dongpo-pork-super-169.jpg"
165,Oaxaca,dish,https://s3-media3.fl.yelpcdn.com/bphoto/xMJKtIItXmVbqEjYcFwi_Q/o.jpg https://theculturetrip.com/wp-content/uploads/2017/11/5208038120_7cd69d6c6f_b-1.jpg https://www.frommers.com/system/photos/photos500/0929-44480.jpg
166,Kyoto,dish,http://img.travel.rakuten.co.jp/mytrip/content/gourmet/tabimeshi-kyoto/images/fp_kyo-kaiseki.jpg https://mysocalledcreativelife.files.wordpress.com/2013/11/kyoto-food-isobe-restaurant-maruyama-with-tempura.jpg https://www.aqualondonblog.co.uk/wp-content/uploads/2016/07/AK16-2F.-aqua-kyoto-bento-box-LowRes.jpg http://img.travel.rakuten.co.jp/mytrip/content/gourmet/tabimeshi-kyoto/images/fp_kyo-yasai.jpg
167,Belo Horizonte,dish,https://media-cdn.tripadvisor.com/media/photo-s/16/8b/2e/74/2-dish-with-tea-enough.jpg https://d1bvpoagx8hqbg.cloudfront.net/originals/eat-like-brazilian-8b1d65bfc6bd9346f5b7748555aa1cdf.jpg https://media-cdn.tripadvisor.com/media/photo-s/0f/2d/bb/b1/pato-com-risoto-trufado.jpg
168,Belgrade,dish,https://media-cdn.tripadvisor.com/media/photo-s/13/1c/2c/cf/deep-dish-chicago-in.jpg https://media-cdn.tripadvisor.com/media/photo-s/13/1c/2d/1b/deep-dish-chicago-in.jpg https://www.foodrepublic.com/wp-content/uploads/2014/01/754px-Pleskavitsa.jpg
169,Abu Dhabi,dish,http://roundmenu.s3-website-us-east-1.amazonaws.com/640x400/images/restaurants/rst_894854.jpg https://whatson.ae/abudhabi/wp-content/uploads/2015/12/NOLUS-Mantoo-dumplings.jpg https://www.timeoutabudhabi.com/sites/default/files/tod/styles/full_img/public/images/2017/12/24/2017_bestdishes_1_base.jpg?itok=ek3ZcvId
170,Beirut,dish,http://www.lebanoninapicture.com/Prv/Images/Pages/Page_110647/hello-from-beirut-this-yummy-dish-was-waiting-f-5-12-2017-6-12-27-pm-l.jpg https://i0.wp.com/roadsandkingdoms.com/uploads/2018/01/SUMAC_MG_0421-1.jpg?ssl=1&w=1300&quality=95&strip=color https://media-cdn.tripadvisor.com/media/photo-s/0f/10/af/2a/main-dish.jpg
171,Manama,dish,https://media.holidayme.com/wp-content/uploads/2018/11/02164526/holidayme_bahraini-manama-food_feature_1138738226.jpg https://media-cdn.tripadvisor.com/media/photo-s/0a/12/5e/67/enjoyed-each-dish.jpg
172,Kochi,dish,https://cdn.theculturetrip.com/wp-content/uploads/2017/09/3262987738_ba2c3aff0b_b.jpg https://img.theculturetrip.com/768x432/wp-content/uploads/2017/09/3262987738_ba2c3aff0b_b.jpg http://www.foodstopdiner.com/wp-content/uploads/2018/05/Popular-Local-Dishes-In-Kochi.jpg
173,Bangalore,dish,https://i.ndtvimg.com/i/2017-03/kerela_620x350_71488367852.jpg https://www.visittnt.com/blog/wp-content/uploads/2016/07/dosa.jpg https://assets.traveltriangle.com/blog/wp-content/uploads/2016/01/bangalore-street-food.jpg
174,Doha,dish,https://sethlui.com/wp-content/uploads/2018/03/doha-5.jpg https://media-cdn.tripadvisor.com/media/photo-s/0e/16/92/00/chicken-dish-and-mix.jpg https://www.iloveqatar.net/public/images/users/_760x500_clip_center-center_none/sweet_cover.jpg https://media-cdn.tripadvisor.com/media/photo-s/12/f1/f4/d8/main-dish-meat-and-fish.jpg
175,Austin Tx,dish,https://s3-media2.fl.yelpcdn.com/bphoto/aCvmEyuaz6gS2ryXmJLflg/ls.jpg https://cdn.vox-cdn.com/thumbor/0KfmAJnXGGkZbjsFuk0SeCHGU0M=/0x0:4681x2917/1200x675/filters:focal(1967x1085:2715x1833)/cdn.vox-cdn.com/uploads/chorus_image/image/63412079/joesbakery_consumablecontent_6.0.jpg https://vendimageuploadcdn.global.ssl.fastly.net/q95/vend-images/product/original/5/3/536b615e8595b0090c2fe7230d4c27efc649fafb.JPG https://cdn.vox-cdn.com/thumbor/als-ED5LvNVQF8tGG2ZxClK9zfw=/0x0:830x800/1200x800/filters:focal(371x420:503x552)/cdn.vox-cdn.com/uploads/chorus_image/image/53690611/5104394_orig.0.0.jpg
176,Manila,dish,"https://dynaimage.cdn.cnn.com/cnn/q_auto,w_412,c_fill,g_auto,h_232,ar_16:9/http%3A%2F%2Fcdn.cnn.com%2Fcnnnext%2Fdam%2Fassets%2F160419090104-taste-of-manila-max-fried-chicken.jpg http://cdn.cnn.com/cnnnext/dam/assets/160419120243-taste-of-manila-kinilaw.jpg https://secureservercdn.net/198.71.233.9/04d.48c.myftpupload.com/wp-content/uploads/2019/07/2019-07-12-13.03.13-1024x768.jpg http://cdn.cnn.com/cnnnext/dam/assets/160419090104-taste-of-manila-max-fried-chicken.jpg"
177,Canggu Bali,dish,https://www.traveller.com.au/content/dam/images/h/1/6/9/g/c/image.related.articleLeadwide.620x349.h169gn.png/1539328451570.jpg https://d22ir9aoo7cbf6.cloudfront.net/wp-content/uploads/sites/4/2018/04/Betelnut-Cafe-Canggu-Bali.jpg https://www.myfiveacres.com/wp-content/uploads/2018/07/canggu-cafes-for-vegans.jpg https://d22ir9aoo7cbf6.cloudfront.net/wp-content/uploads/sites/4/2017/01/MaiTai-Canggu-Poke-Bowl.jpg
178,Seoul,dish,https://media-cdn.tripadvisor.com/media/photo-s/09/d2/10/d9/seoul-soulongtang.jpg https://www.misstamchiak.com/wp-content/uploads/2017/03/P1100218-1300x857.jpg https://dynamicmedia.zuza.com/zz/m/original_/8/c/8c2f45a3-9ed3-4ee1-b579-b2c32dc242cd/Bibimbap_Super_Portrait.jpg
179,Atlanta Ga,dish,https://media-cdn.tripadvisor.com/media/photo-s/07/a0/15/40/big-daddys-dish.jpg https://cdn.vox-cdn.com/thumbor/YnYNtOUIOWpn_4cV4qt3cjMhR9Q=/0x0:960x576/1200x800/filters:focal(404x212:556x364)/cdn.vox-cdn.com/uploads/chorus_image/image/58677481/11165282_829280230490085_6280299140870464216_n.0.0.jpg https://media-cdn.tripadvisor.com/media/photo-s/08/59/bd/13/front-view.jpg https://s3-media1.fl.yelpcdn.com/bphoto/oeCt9lv8-1pISEFqVeJZCw/ls.jpg
180,Nice,dish,https://media-cdn.tripadvisor.com/media/photo-s/0a/6b/eb/07/nice-dish.jpg https://suuskookt.com/wp-content/uploads/2018/01/IMG_7748-klein-1080x720.jpg https://media-cdn.tripadvisor.com/media/photo-s/0a/51/50/d6/pollo-nova-nice-dish.jpg
181,Monaco,dish,https://media-cdn.tripadvisor.com/media/photo-s/08/87/e3/41/main-dish.jpg https://travelblogportal.com/wp-content/uploads/2018/03/139-1.jpg http://spicesnflavors.com/wp-content/uploads/2017/08/cheesy-monaco-biscuits-3-min.jpg https://travelblogportal.com/wp-content/uploads/2018/03/139-3-1024x768.jpg
182,Cannes,dish,https://media-cdn.tripadvisor.com/media/photo-s/02/22/6a/de/l-affable.jpg https://qtxasset.com/styles/breakpoint_sm_default_480px_w/s3/fiercepharma/1562119077/IMG_7570.JPG?EuU54YM3nQaqry.poq1ce_KG9LPOaWhL&itok=8efRsu63 https://qtxasset.com/fiercepharma/1562119077/IMG_7570.JPG?TA5d.lIgMMh_wYKJuZm4nh5mrwq6OwH8
183,Santa Monica Ca,dish,https://doximity-res.cloudinary.com/image/upload/t_public_profile_photo_320x320/ec4eeaysofirv8t5dlno.jpg https://s3-media3.fl.yelpcdn.com/bphoto/Wp8pOmVcFFufC7KiOAEN3g/l.jpg https://cdn4.gbot.me/photos/ci/ZO/1364450349/-Thai_Dishes-20000000005786775-500x375.jpg https://s3-media2.fl.yelpcdn.com/bphoto/0HcqooHm_1mLh-QHVhvvOw/o.jpg
184,Buffalo Ny,dish,https://advancelocal-adapter-image-uploads.s3.amazonaws.com/image.newyorkupstate.com/home/nyup-media/width2048/img/food/photo/2015/05/27/17926465-standard.jpg https://s3.amazonaws.com/bncore/wp-content/uploads/2018/06/wherechefseat3.jpg https://www.visitbuffaloniagara.com/content/uploads/2017/11/spongecandy_16x9.jpg
185,Busan,dish,https://blog.inspiremekorea.com/wp-content/uploads/2018/04/-e1523623424548.jpg https://lonelyplanetwp.imgix.net/2018/06/hoe-busan-food-2034de668822.jpg?fit=min&q=40&sharp=10&vib=20&w=1470 https://lp-cms-production.imgix.net/features/2018/06/hoe-busan-food-2034de668822.jpg?q=25 https://lonelyplanetwp.imgix.net/2018/06/hoe-busan-food-2034de668822.jpg?crop=entropy&fit=crop&h=421&sharp=10&vib=20&w=748
186,Ko Phi Phi,dish,https://media-cdn.tripadvisor.com/media/photo-s/04/0c/a1/fc/viking-natures-resort.jpg https://media-cdn.tripadvisor.com/media/photo-p/11/82/1c/56/unni-s.jpg https://img.theculturetrip.com/768x432/wp-content/uploads/2018/05/maxpixel-freegreatpicture-com-plate-vegan-restaurant-vegetarian-vegan-restaurant-2440127.jpg
187,Minneapolis Mn,dish,https://media-cdn.tripadvisor.com/media/photo-s/11/4f/0e/d3/a-medium-size-deep-dish.jpg https://i1.ypcdn.com/blob/f5b33424d802fd50fab6b228252823ce7894415e_400x260_crop.jpg https://i.pinimg.com/originals/ab/57/ef/ab57ef20bc65b0147cb12f7f68033b9c.jpg
188,Omaha Ne,dish,https://i.ebayimg.com/images/g/pL0AAOSw4kZdUMpF/s-l300.jpg https://bloximages.newyork1.vip.townnews.com/omaha.com/content/tncms/assets/v3/editorial/5/a2/5a2d2604-8e9d-5046-90d0-fbaabe63ef1f/5acfd4e884e4d.image.jpg https://i.etsystatic.com/11614864/r/il/d0db77/1227696928/il_794xN.1227696928_1l58.jpg
189,Varanasi,dish,https://i.ytimg.com/vi/2Zo_jNhfxvU/maxresdefault.jpg https://c.ndtvimg.com/kachori_625x300_1529059213693.jpg https://i.pinimg.com/originals/67/73/68/677368bdc24212d4e29ec17b678f06a6.jpg https://thumbs.dreamstime.com/z/street-food-trader-making-dish-poor-hungry-customers-old-city-varanasi-india-jan-senior-january-urban-82676449.jpg
190,Kathmandu,dish,"https://www.volunteernepal.org/files/2014/04/Nepali-Dal-Bhat.jpg https://previews.123rf.com/images/bishwashpoudel/bishwashpoudel1706/bishwashpoudel170600017/80203061-todays-menu-special-dish-from-salon-de-kathmandu-restaurant.jpg https://media-cdn.tripadvisor.com/media/photo-s/07/a3/f7/12/kathmandu-fast-food.jpg https://dynaimage.cdn.cnn.com/cnn/q_auto,w_412,c_fill,g_auto,h_232,ar_16:9/http%3A%2F%2Fcdn.cnn.com%2Fcnnnext%2Fdam%2Fassets%2F161213130526-nepal-food-1.jpg"
191,Raleigh Nc,dish,https://raleigh.partyreflections.com/itemimages/6454.jpg https://d1dbd4ex4tu372.cloudfront.net/uploads/image/picture/41311/large_14499050_180760505694798_8720068772469145600_n.jpg https://assets.eflorist.com/site//EF-21059/assets/products/PHR_/nrf12b011.jpg https://d1dbd4ex4tu372.cloudfront.net/uploads/image/picture/61442/large_21371806_235078687017260_8612353243248328704_n.jpg
192,Leicester,dish,https://media-cdn.tripadvisor.com/media/photo-s/09/74/7e/6b/korai-dish.jpg https://media-cdn.tripadvisor.com/media/photo-s/10/9f/f7/28/spicy-beef-pho-crispy.jpg https://i2.wp.com/heydipyourtoesin.com/wp-content/uploads/2019/07/Tasting-Sicily-3-e1564349970116.jpg?fit=794%2C529&ssl=1
193,Kuching,dish,https://img.theculturetrip.com/768x432/wp-content/uploads/2018/06/street-bowl-dish-food-spring-seafood-512827-pxhere-com-1.jpg http://dishbyili.com/wp-content/uploads/2018/08/Sarawak-Laksa.jpg https://media-cdn.tripadvisor.com/media/photo-s/06/4d/47/e8/peter-s-special.jpg https://thetravelintern.com/wp-content/uploads/2017/09/Featured-Things-to-eat-in-Kuching.jpg
194,Nuremberg,dish,https://img.theculturetrip.com/450x/wp-content/uploads/2018/06/01_schaufele_und_knodel.jpg https://www.rm-auctions.com/attachment-cache/width/1000/2016/10/28/6358b00/a-nuremberg-brass-alms-dish-depicting-saint-george-fighting-the-dragon-16th-c-1.jpg https://i.etsystatic.com/14483344/r/il/0d2ee4/1453191986/il_fullxfull.1453191986_lute.jpg http://c252289.r89.cf3.rackcdn.com/112452.jpg
195,Antwerp,dish,https://ramadaplaza-antwerp.com/_asset/Dish_with_apple_in_Ramada_Plaza_Antwerp.jpg_1/Stew_in_Gozo_Bar_at_Ramada_Plaza_Antwerp.JPG https://media-cdn.tripadvisor.com/media/photo-s/14/0e/ff/35/dish-restaurant-made.jpg
196,Dusseldorf,dish,https://img.theculturetrip.com/768x432/wp-content/uploads/2017/09/weisswurst-2577747_1280.jpg https://cdn.theculturetrip.com/wp-content/uploads/2017/09/weisswurst-2577747_1280.jpg https://media-cdn.tripadvisor.com/media/photo-s/0d/91/e3/73/burgers-and-premium-side.jpg https://media.timeout.com/images/105158374/630/472/image.jpg
197,Oakland Ca,dish,https://s3-media2.fl.yelpcdn.com/bphoto/xqyu43b5fP_qkej8AdXJLQ/l.jpg https://s3-media4.fl.yelpcdn.com/bphoto/zbgYrqgqMJoRLM2ODqvXFQ/l.jpg https://s3-media3.fl.yelpcdn.com/bphoto/c-bebsws3Q7FawvGgjW1tw/348s.jpg https://cdn.vox-cdn.com/thumbor/3Bv7g5XrjcJQ2cQugTk3t7wTQF8=/0x0:1999x1333/1200x675/filters:focal(841x508:1159x826)/cdn.vox-cdn.com/uploads/chorus_image/image/59615177/tenieastkitchen_tealeafkalesalad.0.0.jpg
198,Chengdu,dish,https://www.seriouseats.com/images/2014/08/20140625-chengdu-gongbao-jiding-1.jpg https://www.kcet.org/sites/kl/files/atoms/article_atoms/www.kcet.org/living/food/image/assets/coverspicy.jpg https://www.seriouseats.com/images/2014/08/20140625-sichuan-food-625x469.jpg https://www.topchinatravel.com/pic/city/chengdu/eating/Chengdu-Hotpot-8.jpg
199,Detroit Mi,dish,https://assets3.thrillist.com/v1/image/1705148/size/tmg-article_default_mobile.jpg https://assets3.thrillist.com/v1/image/1315120/size/tmg-article_default_mobile.jpg https://cdn.vox-cdn.com/thumbor/p2pXiBMxrRuID4VTbOvh4YKuqW8=/0x0:6000x4000/1200x800/filters:focal(2520x1520:3480x2480)/cdn.vox-cdn.com/uploads/chorus_image/image/64656586/Gleaner_s_2.0.jpg
200,Kitchener,dish,http://adishcalledwanda.ca/wp-content/uploads/2018/03/IMG_0067.jpg https://media-cdn.tripadvisor.com/media/photo-s/12/21/27/c0/dinner-entree.jpg https://previews.123rf.com/images/topvectors/topvectors1903/topvectors190301921/124241904-male-chef-cook-preparing-delicious-dish-professional-kitchener-character-in-uniform-vector-illustrat.jpg https://media-cdn.tripadvisor.com/media/photo-s/16/2e/19/be/eggs-benedict.jpg
201,Nanjing,dish,https://media-cdn.tripadvisor.com/media/photo-s/0b/7d/57/af/traditional-nanjing-dishes.jpg http://discover.china.org.cn/wp-content/uploads/2016/09/cover-1014x675.jpg https://cdn.cnn.com/cnnnext/dam/assets/151019152451-dsc-0213-super-169.jpg https://cityofnanjing.com/wp-content/uploads/2018/09/21_food.jpg
202,Guangzhou,dish,http://www.chinawhisper.com/wp-content/uploads/2014/03/Guangzhou-style-Roast-Suckling-Pig.jpg
203,West Palm Beach Fl,dish,"https://cloudfront.bjsrestaurants.com/558.jpg https://res.cloudinary.com/bloomnation/c_pad,d_vendor:global:catalog:product:image.png,f_auto,fl_preserve_transparency,q_auto/v1507159881/vendor/5738/catalog/product/9/c/9c73a91c4806e3e4606df6e5b83875c5_2_8.jpg https://cdn.bloomnation.com/media/catalog/product/cache/1/image/9df78eab33525d08d6e5fb8d27136e95/7/9/79b3bda003810eb33eae2c7b7bc5f286_64.jpg https://res.cloudinary.com/bloomnation/c_pad,d_vendor:global:catalog:product:image.png,f_auto,fl_preserve_transparency,q_auto/v1479907056/vendor/5738/catalog/product/6/b/6b34ecd98352ee1d653b0561bb06db4d_77.jpg"
204,Dallas Tx,dish,https://media-cdn.tripadvisor.com/media/photo-s/01/f9/56/eb/dining-room.jpg https://cloudfront.bjsrestaurants.com/img_58d952fd7f82d4.14414475_Addison-320b.jpg https://images1.dallasobserver.com/imager/u/original/8078527/taste_chicago_slice.jpg https://guidelive.imgix.net/1424208089-NG_04MATTSRANCHO7_28610016.JPG
205,Monterrey,dish,https://explorepartsunknown.com/wp-content/uploads/2018/01/cabrito_embajada.jpg?quality=95&strip=color&w=620&h=0 https://cdn.bestday.net/_lib/Images/Bestday/Monterrey/REST_Fachada.jpg https://media-cdn.tripadvisor.com/media/photo-s/07/4f/96/e4/monterrey-mexican-grill.jpg
206,Tijuana,dish,https://i.ebayimg.com/images/g/SFYAAOSw6o1aldFi/s-l800.jpg https://adventure.com/wp-content/uploads/2017/10/Tijuana-food-mecca-Photo-credit-Cine-Tonala-Tijuana-2.jpg https://media-cdn.tripadvisor.com/media/photo-s/06/14/ce/6e/the-soldado-was-a-really.jpg
207,Lima,dish,https://i.ytimg.com/vi/HlUAhFGDvEc/maxresdefault.jpg https://www.veggiesdontbite.com/wp-content/uploads/2015/11/gigantes-plaki-lima-bean-recipe-31.jpg https://www.dosmanosperu.com/news/wp-content/uploads/2018/04/countries-present-traditional-dishes-at-flavours-of-the-world-800x350.jpg https://holycowvegan.net/wp-content/uploads/2017/01/baked-lima-beans-1.jpg
208,Cusco,dish,https://theplanetd.com/images/CuscoRestaurants_AuthenticFoodQuest.jpg https://media-cdn.tripadvisor.com/media/photo-s/01/89/9a/de/the-typical-cusco-dish.jpg https://www.authenticfoodquest.com/wp-content/uploads/2016/01/Chiriuchu_FI_AFQ.jpg
209,Managua,dish,https://media-cdn.tripadvisor.com/media/photo-s/08/fe/49/93/cocina-de-dona-haydee.jpg http://www.labellamanagua.com/images/sp_portfolio_img/red_fish.jpg https://media-cdn.tripadvisor.com/media/photo-s/12/80/fb/2c/nicaraguan-dish-dinner.jpg
210,Antigua,dish,https://media-cdn.tripadvisor.com/media/photo-s/08/ac/15/c5/local-dish-fungee-and.jpg https://i.pinimg.com/originals/a7/59/89/a75989374159d6e975802d1582bfcfef.jpg https://caribbean1st.com/wp-content/uploads/2018/11/antigua-dish2.jpg https://i1.wp.com/nationalfoods.org/wp-content/uploads/2018/12/National-Dish-of-Antigua-and-Barbuda-%E2%80%93-Fungee.jpg?resize=1140%2C500&ssl=1
211,Bristol,dish,https://media-cdn.tripadvisor.com/media/photo-s/0f/8c/b8/59/pigeon-dish.jpg https://www.bristolfoodconnections.com/wp-content/uploads/2018/06/Eatchu-2-1440x810.jpg https://media-cdn.tripadvisor.com/media/photo-s/12/8a/a2/22/the-cheese-pull-on-a.jpg https://upload.wikimedia.org/wikipedia/commons/4/40/Bristol_Farms_Chicago_Deep_Dish_meat_pizza.JPG
212,Nottingham,dish,https://media-cdn.tripadvisor.com/media/photo-s/09/91/f8/7e/zaap-thai-nottingham.jpg https://media-cdn.tripadvisor.com/media/photo-s/0a/07/d4/59/prezzo-nottingham.jpg https://alecfrusher.files.wordpress.com/2015/11/zaap-mince-small.jpg
213,Brasov,dish,http://www.ck-creativekitchen.com/uploads/recipe/67/800x533/Brasov_roast.jpg https://media-cdn.tripadvisor.com/media/photo-s/0d/8f/c9/4f/mix-grill-dish-with-traditiona.jpg https://dailynewshungary.com/wp-content/uploads/2017/09/brass%C3%B3i-apr%C3%B3pecseny-terv-bisztr%C3%B3.jpg https://media-cdn.tripadvisor.com/media/photo-s/13/4e/8a/3b/traditional-transylvanian.jpg
214,Bucharest,dish,"https://res.cloudinary.com/bucharest-tips/image/upload/c_limit,w_650/v1394961762/hqbspno0ul71vhumayy2.jpg https://media-cdn.tripadvisor.com/media/photo-s/18/4e/f7/29/ahi-dish-cherhanaua-ancora.jpg https://res.cloudinary.com/bucharest-tips/image/upload/c_limit,w_650/v1394962215/eumshaqbawoezviizvtn.jpg https://media-cdn.tripadvisor.com/media/photo-s/0b/55/eb/32/romanian-pork-and-beans.jpg"
215,Palermo,dish,https://wearepalermo.com/wp-content/uploads/2016/01/must-eats-palermo-sicily.jpg https://media-cdn.tripadvisor.com/media/photo-s/0f/05/b0/ab/baked-pasta-dish.jpg https://wearepalermo.com/wp-content/uploads/2017/09/street-food-palermo.jpg
216,Kuta Bali,dish,https://i.ytimg.com/vi/yZS5W8hvCFE/maxresdefault.jpg https://media-cdn.tripadvisor.com/media/photo-s/03/cc/af/6f/gabah-restaurant-bar.jpg https://cdn.getyourguide.com/img/tour_img-2025822-146.jpg
217,Denpasar Bali,dish,https://media-cdn.tripadvisor.com/media/photo-s/10/ac/5f/1b/photo1jpg.jpg https://image.shutterstock.com/z/stock-photo-chinese-noodle-dish-in-street-food-restaurant-denpasar-bali-1133451083.jpg https://media-cdn.tripadvisor.com/media/photo-s/09/54/a3/7b/bellissimo-bali.jpg https://image.shutterstock.com/image-photo/chinese-noodle-dish-street-food-600w-1133451083.jpg
218,Seminyak Bali,dish,https://thetravelintern.com/wp-content/uploads/2018/03/Pirates-bay-cafe-food-Nusa-Dua-and-Uluwatu.jpg https://d22ir9aoo7cbf6.cloudfront.net/wp-content/uploads/sites/4/2019/04/KYND-Community-vegan-restaurant-in-seminyak-Bali.jpg https://media-cdn.tripadvisor.com/media/photo-s/0f/d9/73/53/must-try-dish-name-gado.jpg https://d22ir9aoo7cbf6.cloudfront.net/wp-content/uploads/sites/4/2018/05/Mrs-Sippy-Seminyak-Bali.jpg
219,Jeju Island,dish,https://get.pxhere.com/photo/time-dish-meal-food-vegetable-seafood-recipe-lunch-cuisine-asian-food-garnish-vegetarian-food-appetizer-korean-food-side-dish-hors-d-oeuvre-finger-food-chinese-food-jeju-island-restaurants-comfort-food-jeju-do-association-home-twin-sushi-restaurant-jeju-restaurant-1376336.jpg
220,Beijing,dish,https://cdn.pastemagazine.com/www/articles/hotpot%20beijing.jpg https://mom.girlstalkinsmack.com/image/062012/Beijing%20Dishes_1.jpg http://m.easytourchina.com/Uploads/images/Photo/peking-roast-duck/p972_d20150924174945_800.jpg
221,Bilbao,dish,https://theculturetrip.com/wp-content/uploads/2017/07/pintxo-tour-1628-web.jpg https://www.iberia.com/ibcomv3/content/guias/BILBAO/BILBAO_GASTRONOMIA_RESTAURANTEVIKTORYELMARMITAKO_732X234.JPG https://img.theculturetrip.com/450x/wp-content/uploads/2016/11/bacalao_a_la_riojana.jpg https://cdn.theculturetrip.com/wp-content/uploads/2017/07/hernani_-_merluza_en_salsa_verde.jpg
222,Portimao,dish,https://media-cdn.tripadvisor.com/media/photo-s/10/52/c1/07/la-flor-mar-dish.jpg https://media-cdn.tripadvisor.com/media/photo-s/08/3d/e2/88/meat-dish-4-nights-out.jpg https://i.pinimg.com/originals/3d/4f/f4/3d4ff45d80242d3c3236ffd522053ef0.jpg
223,Porto,dish,http://www.visitportoandnorth.travel/var/porto_norte/storage/images/blog/francesinha-the-most-typical-dish-of-porto/791059-1-eng-US/Francesinha-the-most-typical-dish-of-Porto.jpg https://img.theculturetrip.com/450x/wp-content/uploads/2017/01/8644250515_f7c4099ffe_z.jpg https://theculturetrip.com/wp-content/uploads/2017/01/8644250515_f7c4099ffe_z.jpg https://media2.trover.com/T/58db968018f619450800ee08/fixedw_large_4x.jpg
224,Chamonix,dish,https://www.chamonix.net/sites/default/files/nodeimages/tartiflette-1.jpg?itok=lLvOtlm2 https://media-cdn.tripadvisor.com/media/photo-s/03/50/a6/7e/dish.jpg https://www.chamonix.net/sites/default/files/styles/static_pages_gallery/public/nodeimages/tartiflette-1.jpg?itok=lLvOtlm2 https://media-cdn.tripadvisor.com/media/photo-s/16/25/30/dc/the-duck-dish.jpg
225,Gibraltar,dish,https://media-cdn.tripadvisor.com/media/photo-s/0b/79/af/94/grilled-red-pargo-bream.jpg https://i2.wp.com/nationalfoods.org/wp-content/uploads/2017/07/National-Dish-of-Gibraltar-Profiteroles1.jpg?fit=1140%2C500&ssl=1 https://i.pinimg.com/originals/18/94/f3/1894f3ed4969a40818f2f2cbbd609b5a.jpg
226,Paphos,dish,https://media-cdn.tripadvisor.com/media/photo-s/03/ee/43/43/koh-i-noor.jpg https://life-globe.com/image/cache/catalog/%D1%81yprus/paphos/pafos/meze-cyprus-915x612.jpg https://media-cdn.tripadvisor.com/media/photo-s/17/da/5a/89/chicken-kebab-dish.jpg
227,Sao Paulo,dish,https://theculturetrip.com/wp-content/uploads/2017/02/bologna-sandwich-sao-paulo-photo-claudio-vieira-flickr.jpg https://cdn.vox-cdn.com/thumbor/sfnI_BmDmX2GEpsCfwk1aF6yyyU=/0x12:960x732/1200x900/filters:focal(0x12:960x732)/cdn.vox-cdn.com/uploads/chorus_image/image/53308521/tanit-sao-paulo-lead.0.0.jpg https://media-cdn.tripadvisor.com/media/photo-s/12/9e/af/97/gamja-tang-e-side-dishes.jpg
228,Tel Aviv,dish,https://cdn.vox-cdn.com/thumbor/w1hR0LAz6Sswi7uiDnD8QG9old0=/0x0:848x565/1200x900/filters:focal(357x216:491x350)/cdn.vox-cdn.com/uploads/chorus_image/image/58705319/Tel_Aviv_Asia__1_.0.jpg https://cdn.livekindly.co/wp-content/uploads/2018/12/livekindly-vegan-egg-free-shakshuka-1.jpg https://www.go-telaviv.com/images/tel-aviv-best-restaurants-jonathan-food-club-roshfelds-famous-tomato-salad.jpg https://www.thebeijinger.com/sites/default/files/thebeijinger/blog-images/313215/tel_aviv_eating.jpg
229,Surat,dish,https://digtoknow.com/wp-content/uploads/2015/11/tempting-surat-food-dishes1-1021x500.jpg https://upload.wikimedia.org/wikipedia/commons/thumb/b/b4/Locho_-_Gujarati_Snack_-_Surat.jpg/1200px-Locho_-_Gujarati_Snack_-_Surat.jpg https://www.holidify.com/blog/wp-content/uploads/2017/03/img_00000044.jpg
230,Pune,dish,https://eattreat.in/wp-content/uploads/article/43672437-28a7-4cc9-bcc9-9f84ec434c08.jpg https://imgstaticcontent.lbb.in/lbbnew/wp-content/uploads/2017/11/24163416/24112017_bakedwired_01.jpg https://im.whatshot.in/img/2018/Mar/10590594-638972196198323-27967664388928935-n-cropped-1-1521631505.jpg
231,Varkala,dish,https://media-cdn.tripadvisor.com/media/photo-s/18/05/86/2e/my-dish.jpg https://content3.jdmagicbox.com/comp/thiruvananthapuram/c3/0471px471.x471.171208201854.t6c3/catalogue/sree-vinayaka-mobile-dish-care-thiruvananthapuram-3mqbi2vnsc.jpg https://media-cdn.tripadvisor.com/media/photo-s/15/68/a5/ee/img-20181116-130831-largejpg.jpg https://content.jdmagicbox.com/comp/thiruvananthapuram/c3/0471px471.x471.171208201854.t6c3/catalogue/sreevinayaka-mobile-dish-care-thiruvananthapuram-nlwek.jpg
232,Kolkata,dish,"https://img.traveltriangle.com/blog/wp-content/uploads/2017/11/cover20.jpg https://img.theculturetrip.com/768x432/wp-content/uploads/2017/02/shreyashionline-wikicommons-e1488117402107.jpg https://img.traveltriangle.com/blog/wp-content/tr:w-700,h-400/uploads/2017/11/macher-jhol.jpg https://i.ytimg.com/vi/24Yci74WGfo/maxresdefault.jpg"
233,Kota,dish,https://media-cdn.tripadvisor.com/media/photo-s/11/83/26/b6/kota-signature-dish.jpg https://img-global.cpcdn.com/001_recipes/d0844976ba3d2780/751x532cq70/unique-south-african-fast-food-dish-kota-recipe-main-photo.jpg http://www.eatout.co.za/wp-content/uploads/2016/12/Kota.jpg https://turntable.kagiso.io/images/Eskort-Street-Food_600x400-1.width-800.jpg
234,Allahabad,dish,https://www.holidify.com/images/cmsuploads/compressed/Raj_Kachori_Haldiram_20190117142343.jpg https://www.crazymasalafood.com/wp-content/images/allahabad-960x480.jpg https://content3.jdmagicbox.com/comp/allahabad/q4/0532px532.x532.150204144757.a8q4/catalogue/dish-tv-customer-care-allahabad-city-allahabad-dth-tv-broadcast-service-providers-dish-tv-qqfhk6-250.jpg https://i.ytimg.com/vi/5SbzzYy_NKQ/maxresdefault.jpg
235,Ibiza,dish,https://zone1-ibizaspotlightsl.netdna-ssl.com/sites/default/files/styles/embedded_auto_740_width/public/article-images/129270/embedded-1505838625.jpg?itok=9xqGi15L https://www.telegraph.co.uk/content/dam/Travel/hotels/europe/spain/ibiza/nobu-hotel-ibiza-bay-peyote-restaurant-food.jpg?imwidth=450 https://zone1-ibizaspotlightsl.netdna-ssl.com/sites/default/files/styles/auto_1500_width/public/article-images/129270/slideshow-1560178120.jpg https://www.invisahoteles.com/themes/default/thumbs/45678c62714f70529dd8a0ba9b165492.jpg
236,Salt Lake City Ut,dish,https://www.justonecookbook.com/wp-content/uploads/2019/02/HSL-Salt-Lake-City-10-P1320270.jpg https://s3-media1.fl.yelpcdn.com/bphoto/aUYuaeABHpl0WUbk0JeTYg/ls.jpg https://www.femalefoodie.com/wp-content/uploads/2016/07/valters-12.jpg
237,Yogyakarta,dish,https://dailycookingquest.com/img/2013/11/gudeg-jogja.jpg http://static.trip101.com/paragraph_media/pictures/000/219/012/large/7984929700_fe85b9608b_b.jpg?1500522656
238,Split,dish,"https://images-wixmp-ed30a86b8c4ca887773594c2.wixmp.com/f/f7661c6d-738c-4eca-bf3c-b7e955772890/d8rf12g-5c07ac3f-ab43-460c-a081-9366683ce971.jpg?token=eyJ0eXAiOiJKV1QiLCJhbGciOiJIUzI1NiJ9.eyJzdWIiOiJ1cm46YXBwOjdlMGQxODg5ODIyNjQzNzNhNWYwZDQxNWVhMGQyNmUwIiwiaXNzIjoidXJuOmFwcDo3ZTBkMTg4OTgyMjY0MzczYTVmMGQ0MTVlYTBkMjZlMCIsIm9iaiI6W1t7InBhdGgiOiJcL2ZcL2Y3NjYxYzZkLTczOGMtNGVjYS1iZjNjLWI3ZTk1NTc3Mjg5MFwvZDhyZjEyZy01YzA3YWMzZi1hYjQzLTQ2MGMtYTA4MS05MzY2NjgzY2U5NzEuanBnIn1dXSwiYXVkIjpbInVybjpzZXJ2aWNlOmZpbGUuZG93bmxvYWQiXX0.ylbACYyMzZgU-gfX3fBlBhExY8pdtDNFxs8Gj6QvWpM https://www.pastrychef.com/assets/images/large/banana_split_dish_alcas_126_large.jpg https://www.equippers.com/images/gb7802_l.jpg https://assets.katomcdn.com/q_auto,f_auto/products/075/075-561G/075-561g.jpg"
239,Brno,dish,https://cherylhoward.com/wp-content/uploads/2019/09/Brno-Restaurants-SK%C3%98G-Urban-Hub-Vegan-Dish-Cabbage-Rolls.jpg https://media-cdn.tripadvisor.com/media/photo-s/07/38/ea/6a/sunset-restaurant.jpg http://pickaplacegetlost.com/wp-content/uploads/2017/10/brno_skanzeen_halusky.jpg https://media-cdn.tripadvisor.com/media/photo-s/14/c6/3d/fc/my-plate-with-vegetarian.jpg
240,Jakarta,dish,https://photos.smugmug.com/Indonesia-2016/i-Q4M8Pkt/0/X3/ayam-taliwang-jakarta-1-X3.jpg https://img.jakpost.net/c/2018/09/20/2018_09_20_54260_1537421003._large.jpg https://cdn.cnn.com/cnnnext/dam/assets/171026152630-epu-perfect-dish-jakarta-large-169.jpg
241,Kiev,dish,https://upload.wikimedia.org/wikipedia/commons/0/08/Chicken_Kiev_-_Ukrainian_East_Village_restaurant.jpg https://www.telegraph.co.uk/content/dam/news/2017/02/16/chicken-kiev_trans_NvBQzQNjv4BqqVzuuqpFlyLIwiB6NTmJwfSVWeZ_vEN7c6bHu2jJnT8.jpg?imwidth=450 https://keyassets.timeincuk.net/inspirewp/live/wp-content/uploads/sites/3/2014/10/pheasant-kiev.jpg https://www.tasteofhome.com/wp-content/uploads/2017/10/Best-Chicken-Kiev_exps2149_THCB1415561A09_25_3bC_RMS-696x696.jpg
242,Ljubljana,dish,https://226802-692903-5-raikfcquaxqncofqfm.stackpathdns.com/wp-content/uploads/2016/12/ljubljana-food-feature.jpg https://media-cdn.tripadvisor.com/media/photo-s/0f/ca/2a/92/frog-s-legs-traditional.jpg https://media-cdn.tripadvisor.com/media/photo-s/0e/1d/47/09/kmecka-pojedina-farmers.jpg
243,Santorini,dish,https://images.media-allrecipes.com/userphotos/560x315/2414124.jpg https://handluggageonly.co.uk/wp-content/uploads/2015/06/10981074_10153109932234784_2930013193824161221_o.jpg https://www.oia-1800.com/assets/images/photos/cuisine/slideshow/00c-gourmet-dishes-1800-Floga-santorini-restaurants.jpg
244,Thessaloniki,dish,http://www.greece-is.com/wp-content/uploads/2018/01/65130913_05980_pithano-eksofullo.jpg https://media-cdn.tripadvisor.com/media/photo-s/0e/54/a6/3f/delicious-giaourtlou.jpg https://www.mediterraneanliving.com/wp-content/uploads/2017/07/Gigantes.jpg https://media-cdn.tripadvisor.com/media/photo-s/0a/ab/6a/ba/potato-dishes.jpg
245,Florence,dish,https://www.davidschool.com/media/k2/items/cache/1ea804dbf6a45ba977293c237ecc1b08_XL.jpg http://cdn3.discovertuscany.com/img/food/san-gimignano/lacuocainpentola.jpg?w=750&q=65 https://theculturetrip.com/wp-content/uploads/2017/02/pappa-al-pomodoro-mike65444-flikr.jpg http://cdn3.discovertuscany.com/img/food/florence/fiaschetteria-7.jpg?w=750&q=65
246,Granada,dish,https://devoursevillefoodtours.com/wp-content/uploads/2017/03/Plato-alpujarre%C3%B1o.jpg https://d1ez3020z2uu9b.cloudfront.net/imagecache/blog-photos/7120_Fill_670_0.JPG http://www.greathotelrestaurants.com/wp-content/uploads/2014/04/granada-food.jpg https://img.theculturetrip.com/x/smart/wp-content/uploads/2017/09/vigoron-granada-nicaragua-e1505793192654.jpg
247,Kelowna,dish,https://media-cdn.tripadvisor.com/media/photo-s/13/24/70/12/three-meat-dish.jpg https://media-cdn.tripadvisor.com/media/photo-s/11/3a/b4/71/53-most-polular-vegetarian.jpg https://cdn1.tropicalsky.co.uk/images/800x600/seafood-dish-gulfstream-restaurant-kelowna.jpg
248,Victoria,dish,https://i.ebayimg.com/images/g/yywAAOSwImRYeTtC/s-l300.jpg https://www.herendstore.com/v/vspfiles/photos/HVBA-00491-0-00-2.jpg?v-cache=1347545575
249,Avignon,dish,https://www.avignon-et-provence.com/sites/default/files/styles/col_xl/public/reportages/images/marmite-pecheur-vig.jpg?itok=eWy3-DLj https://eatyourworld.com/images/content_images/images/What-to-eat-in-Avignon-Pied-Paquets.jpg https://media-cdn.tripadvisor.com/media/photo-s/0f/15/24/ef/photo1jpg.jpg https://eatyourworld.com/images/content_images/images/What-to-Eat-in-Avignon-Foie-de-Veau-Persillade.jpg
250,Surabaya,dish,http://static.trip101.com/paragraph_media/pictures/000/022/660/large/srby_food_balap.jpg?1457336179 https://media-cdn.tripadvisor.com/media/photo-s/13/a9/7e/90/pork-knuckle-is-the-best.jpg
251,Bandung,dish,https://media-cdn.tripadvisor.com/media/photo-s/04/49/e8/75/dishes.jpg https://anakjajan.files.wordpress.com/2016/09/dscf1304.jpg?w=474&h=711 https://media-cdn.tripadvisor.com/media/photo-s/0b/4d/d9/ce/our-signature-dish-mie.jpg http://www.tripcanvas.com/wp-content/uploads/2018/07/shutterstock_797685025.jpg
252,Gothenburg,dish,https://media-cdn.tripadvisor.com/media/photo-s/0a/61/49/01/shared-dish.jpg https://live.staticflickr.com/7407/12909318894_e539b72a65_b.jpg https://media-cdn.tripadvisor.com/media/photo-s/0f/4e/ea/d0/sharing-food-this-is.jpg https://i.ytimg.com/vi/6Uw_-_CL8Ak/maxresdefault.jpg
253,Port Of Spain,dish,https://media-cdn.tripadvisor.com/media/photo-s/08/dd/f6/b1/aioli.jpg https://media-cdn.tripadvisor.com/media/photo-s/0f/33/0b/e0/photo1jpg.jpg https://img.theculturetrip.com/768x432/wp-content/uploads/2015/12/56-3985478-1445509994b30cc7161c704a6d9a4a33dbdc9a6adf.jpg
254,Innsbruck,dish,https://media-cdn.tripadvisor.com/media/photo-s/01/79/7e/91/traditional-austrian.jpg https://media-cdn.tripadvisor.com/media/photo-s/0e/62/5b/1c/afghani-dish.jpg https://i.ebayimg.com/images/g/Qk8AAOSwXY5ZTt28/s-l300.jpg
255,Nha Trang,dish,https://www.citypassguide.com/media/slideshow/top-5-dishes-to-try-in-nha-trang-vietnam.jpg http://static.asiawebdirect.com/m/bangkok/portals/vietnam/homepage/nha-trang/top10/10-best-nha-trang-dishes/pagePropertiesImage/hai-san-nha-trang.jpg https://www.citypassguide.com/media/slideshow/top-5-dishes-to-try-in-nha-trang-vietnam.jpg.1758x854_q85_crop.jpg
256,Basel,dish,http://footage.framepool.com/shotimg/qf/883688473-hare-fillet-cress-basel-plate-dish.jpg https://media-cdn.tripadvisor.com/media/photo-s/09/5a/f2/90/restaurant-steinbock.jpg
257,Lausanne,dish,https://media-cdn.tripadvisor.com/media/photo-s/0c/12/90/9b/plat-du-jour.jpg https://spanishsabores.com/wp-content/uploads/2018/08/DSC05788.jpg https://media-cdn.tripadvisor.com/media/photo-s/09/97/07/11/red-sea.jpg https://thumbor.forbes.com/thumbor/960x0/https%3A%2F%2Fblogs-images.forbes.com%2Fjohnmariani%2Ffiles%2F2019%2F05%2FSW-LAUSANNE-EDGAR-LOBSTER-WITH-PEAS.jpg
258,Hobart,dish,http://www.gengyiu.com/Dish-Washing-Machines-HOBART-AM60K.jpg https://i.ytimg.com/vi/Uk9K7WYxSzw/maxresdefault.jpg https://dc312twq8p77z.cloudfront.net/archive_images/45065_3918279.JPG https://i.machinio.com/medium/18y9ph4/1340148247.JPG
259,Palermo Sicily,dish,https://wearepalermo.com/wp-content/uploads/2016/01/must-eats-palermo-sicily.jpg https://wearepalermo.com/wp-content/uploads/2017/09/street-food-palermo.jpg
260,Recife,dish,http://www.thatfoodcray.com/wp-content/uploads/2014/07/northeast-brazilian-cuisine-what-to-eat-recife-olinda-brazil-brasil-4.jpg https://media-cdn.tripadvisor.com/media/photo-s/05/2d/eb/cc/kirimi-server-said-it.jpg http://www.thatfoodcray.com/wp-content/uploads/2014/06/where-to-eat-recife-world-cup-brazil-brasil-brazilian-restaurant-parraxaxa-8.jpg https://media-cdn.tripadvisor.com/media/photo-s/0d/46/5d/7d/burgogui.jpg
261,Key West Fl,dish,https://media-cdn.tripadvisor.com/media/photo-s/01/2f/f8/99/key-west.jpg https://images1.miaminewtimes.com/imager/u/745xauto/9356659/kermits.jpg https://media-cdn.tripadvisor.com/media/photo-s/17/fc/9f/c4/the-nights-special-fish.jpg https://cdn.vox-cdn.com/thumbor/sW0dHIK1A3ECK1GJuoQBc4bqmlg=/0x0:6000x4000/1200x900/filters:focal(2520x1520:3480x2480)/cdn.vox-cdn.com/uploads/chorus_image/image/55294327/DSC06303_2.13.jpg
262,Baltimore Md,dish,https://s3-media2.fl.yelpcdn.com/bphoto/CKPpcYu3UXFX21cbwoeufg/ls.jpg https://s3-media2.fl.yelpcdn.com/bphoto/Eomaqd9jRotxY23z96YG-g/ls.jpg https://cdn.shopify.com/s/files/1/1850/5637/products/i98_pi_2000x.jpg?v=1491505214
263,Liverpool,dish,https://liverpoolnoise.com/wp-content/uploads/2014/02/gsd-2.jpg http://www.merseysidetoday.co.uk/wp-content/uploads/2016/10/scouse.jpg https://www.visitliverpool.com/dbimgs/where-to-try-scouse%20(1).jpg
264,Cardiff,dish,https://exchangehotelcardiff.co.uk/wp-content/uploads/2018/04/Lamb-Cawl-Garlands-Facebook.jpg https://www.silvertraveladvisor.com/system/2/user_files/files/000/075/475/75475/87cc93e1d/large/P1030284.JPG https://exchangehotelcardiff.co.uk/wp-content/uploads/2018/04/Giant-Welsh-Oggie.jpg https://media-cdn.tripadvisor.com/media/photo-s/06/fc/6e/d0/park-plaza-cardiff.jpg
265,Cordoba,dish,https://www.interasmundo.com/wp-content/uploads/2017/03/1898.jpg https://madridfoodtour.com/wp-content/uploads/2013/11/salmorejo-in-Cordoba1.jpg
266,Mendoza,dish,https://media-cdn.tripadvisor.com/media/photo-s/0f/85/6a/4c/1884-restaurant-francis.jpg https://i.pinimg.com/originals/79/f0/5a/79f05ac1444eea53baf96bed2b5a573d.jpg https://cdn.sothebyshome.com/media/catalog/product/cache/1/image/736x460/9df78eab33525d08d6e5fb8d27136e95/p/e/pepe_mendoza_mexican_modernist_bronze_and_malachite_dish_front.jpg
267,New Orleans La,dish,"https://assets.simpleviewinc.com/simpleview/image/upload/c_fill,h_560,q_60,w_560/v1/clients/neworleans/Jambalaya_2__5cdb2559-d92c-4240-ae7b-9d820e0ea187.jpg http://res.cloudinary.com/simpleview/image/upload/v1503609996/clients/neworleans/NOTMC_38160_b59d223e-138f-4eb9-bf53-1111c88706c9.jpg"
268,La Paz,dish,https://media-cdn.tripadvisor.com/media/photo-s/13/23/2e/a3/outside-look-of-the-restaurant.jpg https://www.boliviahop.com/wp-content/uploads/post_display_cropped_open-uri20130106-28362-1obbbvd.jpg https://media-cdn.tripadvisor.com/media/photo-s/0f/16/bd/eb/img-20170415-wa0079-largejpg.jpg https://www.thescentgirl.com/wp-content/uploads/2015/12/TOPM-LAPZ.jpg
269,Cochabamba,dish,https://www.voices-of-the-world.org/public/images/travel/the-strength-of-traditional-food/the-strength-of-traditional-food-1.jpg https://www.globeholidays.net/South_America/Bolivia/Media/Bolivia_Silpancho.jpg https://images.media-allrecipes.com/userphotos/560x315/4243657.jpg
270,Montevideo,dish,https://jetsettingfools.com/wp-content/uploads/2014/05/4-Things-to-Eat-in-Montevideo-Uruguay.jpg https://media-cdn.tripadvisor.com/media/photo-s/06/25/88/36/ceviche-dish-at-francis_rotated_270.jpg https://upload.wikimedia.org/wikipedia/commons/3/32/Montevideo_fish_in_a_box_%28cropped%29.jpg https://media-cdn.tripadvisor.com/media/photo-s/02/5f/b9/46/chicken-pasta-main-dish.jpg
271,Asuncion,dish,https://previews.123rf.com/images/donyanedomam/donyanedomam1604/donyanedomam160400396/57583715-meat-is-being-cooked-for-asado-at-mercado-cuatro-in-asuncion-paraguay-asado-is-a-traditional-dish-in.jpg https://thumbs.dreamstime.com/z/asado-meal-cutting-board-street-stall-asuncion-parag-paraguay-traditional-dish-paraguay-usually-consists-70636937.jpg https://previews.123rf.com/images/donyanedomam/donyanedomam1604/donyanedomam160400395/57583691-asado-meal-on-a-cutting-board-at-street-stall-in-asuncion-paraguay-asado-is-a-traditional-dish-in-pa.jpg https://media-cdn.tripadvisor.com/media/photo-s/0b/08/f5/8d/photo0jpg.jpg
272,Campo Grande,dish,https://st4.depositphotos.com/9826356/20869/i/1600/depositphotos_208695912-stock-photo-campo-grande-brazil-august-2018.jpg https://media-cdn.tripadvisor.com/media/photo-s/09/29/e6/e0/cozinha-da-ina.jpg https://photo980x880.mnstatic.com/ce/4a/ce4aa2312c3711cefe058d4c275cfd24.jpg
273,Florianopolis,dish,https://media-cdn.tripadvisor.com/media/photo-s/12/b5/3f/53/libriano-dish-spicy-panko.jpg https://img.theculturetrip.com/768x432/wp-content/uploads/2017/02/veggie-burger.jpg
274,Brighton,dish,"https://foodscene.deliveroo.co.uk/assets/images/blogs/foodscene.deliveroo.co.uk/en/cuisine-inspiration/1lJ7rY6KABdy5K3eXW-LvkW0Svif77KWzGJo4XkXWBCY/4_copy_of_chilli_pickle_felicitymillward__160_of_438__c.jpg?v=1.01 http://www.wow247.co.uk/wp-content/uploads/2016/03/La-Choza-e1458812410503-620x413.jpg https://foodscene.deliveroo.co.uk/assets/images/blogs/foodscene.deliveroo.co.uk/en/cuisine-inspiration/18YmzT98P_i3hiXZKyTAED-pe_FeW7nV8IrctnIxL8xo/h_23._brighton_japanase_tapas__moshimo_in_brighton_.jpg?v=1.01 https://images.immediate.co.uk/production/volatile/sites/2/2017/08/Etch-food-2.jpg?quality=45&resize=960,413"
275,Birmingham,dish,https://www.tripsavvy.com/thmb/QYjmm55MpjbCFViCZv33snC8wmI=/960x0/filters:no_upscale():max_bytes(150000):strip_icc()/GettyImages-485954283-5834421a5f9b58d5b1960af2.jpg https://foodscene.deliveroo.co.uk/assets/images/blogs/foodscene.deliveroo.co.uk/en/cuisine-inspiration/19cEbPp66GaEYsiNgvJLQMltJ_YoAvmPGwXcguQUI7Ps/h_10._meaty_mains.jpg?v=1.01 https://cdn.shopify.com/s/files/1/0064/6463/4935/products/birmingham-dish-towel-dish-towel-catstudio-698591_1024x1024@2x.jpg?v=1566504024
276,Dubrovnik,dish,https://www.godubrovnik.com/wp-content/uploads/black-risotto-dubrovnik.jpg https://media-cdn.tripadvisor.com/media/photo-s/12/d4/84/86/capon-dish.jpg https://www.godubrovnik.com/wp-content/uploads/riba-dubrovnik.jpg http://www.dubrovnik.com/images/city-life/wine-and-dine/fish.jpg
277,Dar Es Salaam,dish,https://i.pinimg.com/originals/b8/96/6f/b8966f0e76c999afc5b1f8ef6d191e27.jpg https://the.ismaili/sites/ismaili/files/styles/carousel_banner/public/taste_of_culture_tanzania_5_images.jpg?itok=o-TGWtLY https://i.pinimg.com/originals/06/7a/91/067a91803cb54358bc327e293d913f5e.jpg https://media-cdn.tripadvisor.com/media/photo-s/0a/fd/ea/0a/the-infamous-lobster.jpg
278,Venice,dish,https://i2.wp.com/www.walksofitaly.com/blog/wp-content/uploads/2011/06/DSC_1086.jpg?fit=690%2C458&ssl=1 https://www.walksofitaly.com/blog/wp-content/uploads/2011/06/DSC_1086.jpg https://livitaly-666b.kxcdn.com/wp-content/uploads/2018/05/venice-foods.jpg https://i1.wp.com/www.walksofitaly.com/blog/wp-content/uploads/2011/06/DSC_1084-e1481890118950.jpg?resize=600%2C400&ssl=1
279,Muscat,dish,https://photos.smugmug.com/Oman/i-XnHXDF7/0/X3/best-omani-food-X3.jpg https://media-cdn.tripadvisor.com/media/photo-s/0c/f0/e9/31/the-meat-dishes-are-much.jpg https://i.ytimg.com/vi/en2-nTgwfW4/hqdefault.jpg
280,Puerto Viejo,dish,https://s3-media4.fl.yelpcdn.com/bphoto/rjy3qqM34lAHBZ0FzhpyCA/o.jpg https://media-cdn.tripadvisor.com/media/photo-s/08/10/5f/58/cafe-rico.jpg https://www.delapuravida.com/wp-content/uploads/2011/04/stashu.jpg https://media-cdn.tripadvisor.com/media/photo-s/03/49/28/32/jerk-chicken-dish.jpg
281,Ushuaia,dish,https://www.white-ibiza.com/wp-content/uploads/ushuaia-dish-of-the-day-1-tasting-plate.jpg https://www.authenticfoodquest.com/wp-content/uploads/2015/11/AFQ_Kaupe_Table.jpg https://www.white-ibiza.com/wp-content/uploads/ushuaia-dish-of-the-day-2-sushi-minami.jpg
